"state","year","season","avg_temp"
"AK",2011,"Fall",-2.21005089058524
"AK",2011,"Spring",-1.64514237855946
"AK",2011,"Summer",11.6517991631799
"AK",2011,"Winter",-12.4836842105263
"AK",2012,"Fall",-3.59678604224059
"AK",2012,"Spring",-2.63618421052631
"AK",2012,"Summer",12.0069533394328
"AK",2012,"Winter",-17.3692203082502
"AK",2013,"Fall",-0.932316442605998
"AK",2013,"Spring",-4.58120404411764
"AK",2013,"Summer",13.0459399332592
"AK",2013,"Winter",-13.1435700575816
"AK",2014,"Fall",-0.771554934823089
"AK",2014,"Spring",3.56004545454546
"AK",2014,"Summer",12.345606884058
"AK",2014,"Winter",-7.98352380952379
"AK",2015,"Fall",-1.0535960591133
"AK",2015,"Spring",-0.0499034749034732
"AK",2015,"Summer",12.3138686131387
"AK",2015,"Winter",-13.7987611496531
"AK",2016,"Fall",-0.87992667277727
"AK",2016,"Spring",1.47629839471199
"AK",2016,"Summer",13.1712209302326
"AK",2016,"Winter",-11.4620622568093
"AK",2017,"Fall",-0.0786206896551703
"AK",2017,"Spring",-2.42958257713249
"AK",2017,"Summer",12.8102014010508
"AK",2017,"Winter",-11.8896217712177
"AK",2018,"Fall",1.54903523489933
"AK",2018,"Spring",-0.563085284280934
"AK",2018,"Summer",12.4445499587118
"AK",2018,"Winter",-11.2529583333333
"AK",2019,"Fall",0.745047619047623
"AK",2019,"Spring",2.42156862745098
"AK",2019,"Summer",13.2573988970588
"AK",2019,"Winter",-11.7188368055556
"AK",2020,"Fall",-0.52761130136986
"AK",2020,"Spring",-1.01498226950355
"AK",2020,"Summer",12.2094666666667
"AK",2020,"Winter",-15.7381850853549
"AK",2021,"Fall",-2.05910290237467
"AK",2021,"Spring",-2.06658333333333
"AK",2021,"Summer",12.3626110124334
"AK",2021,"Winter",-12.8832888888889
"AL",2011,"Fall",17.7246777163904
"AL",2011,"Spring",18.9330586080586
"AL",2011,"Summer",28.0011796733212
"AL",2011,"Winter",8.92179962894249
"AL",2012,"Fall",17.515625
"AL",2012,"Spring",20.2891304347826
"AL",2012,"Summer",26.3584545454545
"AL",2012,"Winter",11.4982568807339
"AL",2013,"Fall",18.6669413919414
"AL",2013,"Spring",16.1492700729927
"AL",2013,"Summer",25.9639492753623
"AL",2013,"Winter",10.4578703703704
"AL",2014,"Fall",18.0724584103512
"AL",2014,"Spring",16.9730072463768
"AL",2014,"Summer",26.302
"AL",2014,"Winter",8.04823091247672
"AL",2015,"Fall",20.0513888888889
"AL",2015,"Spring",19.5735934664247
"AL",2015,"Summer",27.2321234119782
"AL",2015,"Winter",9.63901515151515
"AL",2016,"Fall",20.781684981685
"AL",2016,"Spring",18.9695211786372
"AL",2016,"Summer",27.7050724637681
"AL",2016,"Winter",9.95692883895131
"AL",2017,"Fall",20.1602880658436
"AL",2017,"Spring",19.2548007246377
"AL",2017,"Summer",26.5883152173913
"AL",2017,"Winter",12.01
"AL",2018,"Fall",19.8134285714286
"AL",2018,"Spring",18.2711956521739
"AL",2018,"Summer",27.4845108695652
"AL",2018,"Winter",9.95665024630542
"AL",2019,"Fall",20.0028925619835
"AL",2019,"Spring",19.4175675675676
"AL",2019,"Summer",27.2859550561798
"AL",2019,"Winter",11.5452646239554
"AL",2020,"Fall",20.0946428571429
"AL",2020,"Spring",19.7907608695652
"AL",2020,"Summer",26.8198369565217
"AL",2020,"Winter",9.88695054945055
"AL",2021,"Fall",18.9019230769231
"AL",2021,"Spring",18.2732782369146
"AL",2021,"Summer",26.6741847826087
"AL",2021,"Winter",10.7759831460674
"AR",2011,"Fall",16.0992628992629
"AR",2011,"Spring",15.8632603406326
"AR",2011,"Summer",28.3907384987893
"AR",2011,"Winter",4.67092154420922
"AR",2012,"Fall",15.8290085679315
"AR",2012,"Spring",19.2769468479604
"AR",2012,"Summer",27.1549878345499
"AR",2012,"Winter",7.33510506798517
"AR",2013,"Fall",16.0724287484511
"AR",2013,"Spring",13.8012285012285
"AR",2013,"Summer",25.4347342398022
"AR",2013,"Winter",4.60094221105528
"AR",2014,"Fall",15.5706272617612
"AR",2014,"Spring",14.2860874848117
"AR",2014,"Summer",25.0721549636804
"AR",2014,"Winter",3.23492462311558
"AR",2015,"Fall",17.3570024570025
"AR",2015,"Spring",15.419403892944
"AR",2015,"Summer",26.2874233128834
"AR",2015,"Winter",4.67039141414141
"AR",2016,"Fall",18.7526641883519
"AR",2016,"Spring",16.0197278911565
"AR",2016,"Summer",26.8923707440101
"AR",2016,"Winter",5.03295904887715
"AR",2017,"Fall",17.0202570379437
"AR",2017,"Spring",16.6367197062423
"AR",2017,"Summer",25.3768382352941
"AR",2017,"Winter",6.81321381142098
"AR",2018,"Fall",15.6803461063041
"AR",2018,"Spring",15.9219853836784
"AR",2018,"Summer",26.8227722772277
"AR",2018,"Winter",4.53339575530587
"AR",2019,"Fall",16.337607891492
"AR",2019,"Spring",15.3409645909646
"AR",2019,"Summer",25.7138376383764
"AR",2019,"Winter",5.8560625
"AR",2020,"Fall",16.2572133168927
"AR",2020,"Spring",15.699012345679
"AR",2020,"Summer",26.0461728395062
"AR",2020,"Winter",5.86132425742574
"AR",2021,"Fall",17.099121706399
"AR",2021,"Spring",15.3654126213592
"AR",2021,"Summer",26.0931034482759
"AR",2021,"Winter",5.44173967459324
"AZ",2011,"Fall",17.6038155802862
"AZ",2011,"Spring",15.6645833333333
"AZ",2011,"Summer",27.4842857142857
"AZ",2011,"Winter",5.70103189493433
"AZ",2012,"Fall",18.5579416531605
"AZ",2012,"Spring",16.3961844197138
"AZ",2012,"Summer",27.5056338028169
"AZ",2012,"Winter",7.39951768488746
"AZ",2013,"Fall",16.8617355371901
"AZ",2013,"Spring",16.6435032894737
"AZ",2013,"Summer",27.3891056910569
"AZ",2013,"Winter",5.45081168831169
"AZ",2014,"Fall",18.0961111111111
"AZ",2014,"Spring",16.2618444846293
"AZ",2014,"Summer",26.8148798521257
"AZ",2014,"Winter",8.94432989690721
"AZ",2015,"Fall",17.8426987060998
"AZ",2015,"Spring",15.9820702402958
"AZ",2015,"Summer",27.3487132352941
"AZ",2015,"Winter",8.18939962476548
"AZ",2016,"Fall",17.9524444444444
"AZ",2016,"Spring",15.75
"AZ",2016,"Summer",27.1023026315789
"AZ",2016,"Winter",8.24058823529411
"AZ",2017,"Fall",19.1209174311927
"AZ",2017,"Spring",16.233203125
"AZ",2017,"Summer",27.4929759704251
"AZ",2017,"Winter",8.37834274952919
"AZ",2018,"Fall",17.3864640883978
"AZ",2018,"Spring",17.0417272727273
"AZ",2018,"Summer",27.5319746376812
"AZ",2018,"Winter",8.40176908752327
"AZ",2019,"Fall",17.5030330882353
"AZ",2019,"Spring",14.8992753623188
"AZ",2019,"Summer",26.8101167315175
"AZ",2019,"Winter",6.49171322160149
"AZ",2020,"Fall",18.9301834862385
"AZ",2020,"Spring",16.166697080292
"AZ",2020,"Summer",27.9436479128857
"AZ",2020,"Winter",7.17931985294118
"AZ",2021,"Fall",18.1467889908257
"AZ",2021,"Spring",16.0153079710145
"AZ",2021,"Summer",27.5289090909091
"AZ",2021,"Winter",7.92914338919926
"CA",2011,"Fall",16.9382986627043
"CA",2011,"Spring",13.2067642956764
"CA",2011,"Summer",21.5714087439278
"CA",2011,"Winter",8.34217877094972
"CA",2012,"Fall",17.8768019594122
"CA",2012,"Spring",14.7366116295765
"CA",2012,"Summer",22.5802325581395
"CA",2012,"Winter",9.68746355685131
"CA",2013,"Fall",16.6868875086266
"CA",2013,"Spring",15.9298155737705
"CA",2013,"Summer",23.2189419795222
"CA",2013,"Winter",8.39539748953975
"CA",2014,"Fall",18.429507628294
"CA",2014,"Spring",16.0732486263736
"CA",2014,"Summer",23.2390753424658
"CA",2014,"Winter",11.2813156053184
"CA",2015,"Fall",17.7114878892734
"CA",2015,"Spring",15.4938440492476
"CA",2015,"Summer",23.243707250342
"CA",2015,"Winter",10.3536713286713
"CA",2016,"Fall",17.0510734072022
"CA",2016,"Spring",15.0534153005464
"CA",2016,"Summer",23.1583274273565
"CA",2016,"Winter",10.0165286404417
"CA",2017,"Fall",17.819010989011
"CA",2017,"Spring",15.1817586206897
"CA",2017,"Summer",23.8728924418605
"CA",2017,"Winter",9.59040511727079
"CA",2018,"Fall",17.5265546819157
"CA",2018,"Spring",14.7319620253165
"CA",2018,"Summer",23.6007336757153
"CA",2018,"Winter",10.3315312046444
"CA",2019,"Fall",17.068930330753
"CA",2019,"Spring",14.3606494413408
"CA",2019,"Summer",22.9735416666667
"CA",2019,"Winter",9.08757288629738
"CA",2020,"Fall",18.3554163596168
"CA",2020,"Spring",14.9295035460993
"CA",2020,"Summer",23.4042725988701
"CA",2020,"Winter",10.1416375087474
"CA",2021,"Fall",17.5276571856287
"CA",2021,"Spring",14.6011355311355
"CA",2021,"Summer",24.0204096561814
"CA",2021,"Winter",9.76913343558282
"CO",2011,"Fall",6.53197530864197
"CO",2011,"Spring",4.02432065217392
"CO",2011,"Summer",17.5161684782609
"CO",2011,"Winter",-5.94108635097493
"CO",2012,"Fall",7.14352791878173
"CO",2012,"Spring",6.58114754098361
"CO",2012,"Summer",17.90625
"CO",2012,"Winter",-4.03260869565217
"CO",2013,"Fall",6.91931567328918
"CO",2013,"Spring",4.32297592997812
"CO",2013,"Summer",17.6200873362445
"CO",2013,"Winter",-4.38995535714286
"CO",2014,"Fall",7.86592920353982
"CO",2014,"Spring",5.08766375545851
"CO",2014,"Summer",17.1125272331155
"CO",2014,"Winter",-3.10260770975057
"CO",2015,"Fall",8.77986725663717
"CO",2015,"Spring",5.75873362445415
"CO",2015,"Summer",17.621615720524
"CO",2015,"Winter",-2.31380846325167
"CO",2016,"Fall",9.40489977728285
"CO",2016,"Spring",5.21277533039648
"CO",2016,"Summer",18.1204646017699
"CO",2016,"Winter",-2.39255555555555
"CO",2017,"Fall",8.92118320610687
"CO",2017,"Spring",7.17737430167598
"CO",2017,"Summer",18.3695895522388
"CO",2017,"Winter",-1.11321585903084
"CO",2018,"Fall",6.90859030837004
"CO",2018,"Spring",6.62225877192983
"CO",2018,"Summer",18.5258810572687
"CO",2018,"Winter",-2.88069544364508
"CO",2019,"Fall",6.70925110132159
"CO",2019,"Spring",4.21912087912088
"CO",2019,"Summer",17.5369710467706
"CO",2019,"Winter",-3.86610738255034
"CO",2020,"Fall",7.72152317880795
"CO",2020,"Spring",6.11244541484717
"CO",2020,"Summer",18.6651746724891
"CO",2020,"Winter",-3.63329646017699
"CO",2021,"Fall",9.08868131868132
"CO",2021,"Spring",4.72782608695653
"CO",2021,"Summer",18.4332244008715
"CO",2021,"Winter",-3.08229398663697
"CT",2011,"Fall",13.3012014787431
"CT",2011,"Spring",9.39590909090909
"CT",2011,"Summer",21.8421818181818
"CT",2011,"Winter",-1.33568773234201
"CT",2012,"Fall",11.4954391891892
"CT",2012,"Spring",11.3983576642336
"CT",2012,"Summer",22.0330601092896
"CT",2012,"Winter",1.43548951048951
"CT",2013,"Fall",11.2133070866142
"CT",2013,"Spring",8.64012441679627
"CT",2013,"Summer",22.050703125
"CT",2013,"Winter",-1.08700159489633
"CT",2014,"Fall",12.1959706959707
"CT",2014,"Spring",7.1814974182444
"CT",2014,"Summer",21.313802559415
"CT",2014,"Winter",-2.04384485666105
"CT",2015,"Fall",13.1917582417582
"CT",2015,"Spring",8.31
"CT",2015,"Summer",21.5154891304348
"CT",2015,"Winter",-1.8087962962963
"CT",2016,"Fall",12.9415750915751
"CT",2016,"Spring",9.77028985507246
"CT",2016,"Summer",22.4014519056261
"CT",2016,"Winter",-0.0234750462107211
"CT",2017,"Fall",13.3407235621521
"CT",2017,"Spring",8.65978260869565
"CT",2017,"Summer",20.9841485507246
"CT",2017,"Winter",0.22683615819209
"CT",2018,"Fall",12.1061694290976
"CT",2018,"Spring",9.20795918367347
"CT",2018,"Summer",22.3745471014493
"CT",2018,"Winter",-0.0802208835341364
"CT",2019,"Fall",11.763123844732
"CT",2019,"Spring",8.93894927536232
"CT",2019,"Summer",22.0934186471664
"CT",2019,"Winter",-0.608703703703704
"CT",2020,"Fall",12.8314338235294
"CT",2020,"Spring",8.96018691588785
"CT",2020,"Summer",22.7302504816956
"CT",2020,"Winter",1.4228021978022
"CT",2021,"Fall",13.262967032967
"CT",2021,"Spring",9.49789272030651
"CT",2021,"Summer",22.1199226305609
"CT",2021,"Winter",0.166600790513834
"DE",2011,"Fall",14.8328100470958
"DE",2011,"Spring",12.8076863354037
"DE",2011,"Summer",24.7031055900621
"DE",2011,"Winter",2.04484126984127
"DE",2012,"Fall",13.5693092621664
"DE",2012,"Spring",14.0756211180124
"DE",2012,"Summer",24.5490683229814
"DE",2012,"Winter",4.47286184210526
"DE",2013,"Fall",13.7341575091575
"DE",2013,"Spring",11.5115036231884
"DE",2013,"Summer",24.120652173913
"DE",2013,"Winter",2.4862037037037
"DE",2014,"Fall",13.9588827838828
"DE",2014,"Spring",11.0338768115942
"DE",2014,"Summer",23.2107789855072
"DE",2014,"Winter",0.858148148148148
"DE",2015,"Fall",15.3582417582418
"DE",2015,"Spring",11.8451086956522
"DE",2015,"Summer",23.9989130434783
"DE",2015,"Winter",1.50741106719368
"DE",2016,"Fall",15.4379120879121
"DE",2016,"Spring",12.4195652173913
"DE",2016,"Summer",24.975
"DE",2016,"Winter",1.9978021978022
"DE",2017,"Fall",15.3065934065934
"DE",2017,"Spring",12.2565217391304
"DE",2017,"Summer",23.9021739130435
"DE",2017,"Winter",3.56222222222222
"DE",2018,"Fall",14.4307692307692
"DE",2018,"Spring",11.3369565217391
"DE",2018,"Summer",24.5005434782609
"DE",2018,"Winter",2.83222222222222
"DE",2019,"Fall",14.5498430141287
"DE",2019,"Spring",12.9619565217391
"DE",2019,"Summer",24.829347826087
"DE",2019,"Winter",2.193359375
"DE",2020,"Fall",14.6701726844584
"DE",2020,"Spring",11.7188664596273
"DE",2020,"Summer",24.6531832298137
"DE",2020,"Winter",3.72755102040816
"DE",2021,"Fall",14.8766875981162
"DE",2021,"Spring",12.3902173913043
"DE",2021,"Summer",24.5281055900621
"DE",2021,"Winter",2.91563492063492
"FL",2011,"Fall",24.1542435424354
"FL",2011,"Spring",23.356884057971
"FL",2011,"Summer",28.2633211678832
"FL",2011,"Winter",18.3297752808989
"FL",2012,"Fall",23.7795955882353
"FL",2012,"Spring",23.6932481751825
"FL",2012,"Summer",27.6107664233577
"FL",2012,"Winter",18.8591575091575
"FL",2013,"Fall",25.1292910447761
"FL",2013,"Spring",21.4893382352941
"FL",2013,"Summer",27.7836996336996
"FL",2013,"Winter",20.0316666666667
"FL",2014,"Fall",23.9031481481481
"FL",2014,"Spring",22.8723684210526
"FL",2014,"Summer",28.1996363636364
"FL",2014,"Winter",18.6184905660377
"FL",2015,"Fall",25.5769230769231
"FL",2015,"Spring",25.1221568627451
"FL",2015,"Summer",28.3190217391304
"FL",2015,"Winter",18.764192139738
"FL",2016,"Fall",24.4977142857143
"FL",2016,"Spring",23.1729281767956
"FL",2016,"Summer",28.6762295081967
"FL",2016,"Winter",17.8027472527473
"FL",2017,"Fall",24.6369387755102
"FL",2017,"Spring",23.1761111111111
"FL",2017,"Summer",28.2248134328358
"FL",2017,"Winter",19.4546610169492
"FL",2018,"Fall",25.536329588015
"FL",2018,"Spring",22.3243445692884
"FL",2018,"Summer",28.1748106060606
"FL",2018,"Winter",18.6951550387597
"FL",2019,"Fall",25.5135496183206
"FL",2019,"Spring",23.5147940074906
"FL",2019,"Summer",28.45625
"FL",2019,"Winter",19.334496124031
"FL",2020,"Fall",25.6512096774194
"FL",2020,"Spring",23.7541509433962
"FL",2020,"Summer",28.3093984962406
"FL",2020,"Winter",17.9612595419847
"FL",2021,"Fall",24.4413284132841
"FL",2021,"Spring",22.9058394160584
"FL",2021,"Summer",28.0120437956204
"FL",2021,"Winter",19.0866037735849
"GA",2011,"Fall",18.2117125984252
"GA",2011,"Spring",18.727519379845
"GA",2011,"Summer",28.4259505703422
"GA",2011,"Winter",9.21442307692308
"GA",2012,"Fall",18.2729376257545
"GA",2012,"Spring",20.3113766730402
"GA",2012,"Summer",26.4692687747036
"GA",2012,"Winter",11.2062124248497
"GA",2013,"Fall",19.0605839416058
"GA",2013,"Spring",16.0554545454545
"GA",2013,"Summer",26.2567469879518
"GA",2013,"Winter",11.2020935960591
"GA",2014,"Fall",18.0619718309859
"GA",2014,"Spring",17.7648351648352
"GA",2014,"Summer",26.9954918032787
"GA",2014,"Winter",9.28104089219331
"GA",2015,"Fall",19.0046511627907
"GA",2015,"Spring",19.6076744186047
"GA",2015,"Summer",27.4345454545455
"GA",2015,"Winter",9.86376404494382
"GA",2016,"Fall",19.0154605263158
"GA",2016,"Spring",18.3352459016393
"GA",2016,"Summer",28.1497267759563
"GA",2016,"Winter",9.19642857142857
"GA",2017,"Fall",19.1021978021978
"GA",2017,"Spring",18.6801630434783
"GA",2017,"Summer",26.479347826087
"GA",2017,"Winter",11.9285234899329
"GA",2018,"Fall",20.0428571428571
"GA",2018,"Spring",17.7760869565217
"GA",2018,"Summer",27.1989130434783
"GA",2018,"Winter",10.6988888888889
"GA",2019,"Fall",20.3131868131868
"GA",2019,"Spring",19.0483695652174
"GA",2019,"Summer",27.6896739130435
"GA",2019,"Winter",11.2122222222222
"GA",2020,"Fall",20.3318681318681
"GA",2020,"Spring",19.0755434782609
"GA",2020,"Summer",27.5961956521739
"GA",2020,"Winter",10.4214285714286
"GA",2021,"Fall",18.5741758241758
"GA",2021,"Spring",18.0478260869565
"GA",2021,"Summer",26.9758241758242
"GA",2021,"Winter",11.3022222222222
"HI",2011,"Fall",23.6588942307692
"HI",2011,"Spring",22.8231988472622
"HI",2011,"Summer",24.0699197860963
"HI",2011,"Winter",21.646556122449
"HI",2012,"Fall",24.0083569405099
"HI",2012,"Spring",22.6565548780488
"HI",2012,"Summer",24.2010447761194
"HI",2012,"Winter",22.2007418397626
"HI",2013,"Fall",24.5801916932907
"HI",2013,"Spring",22.56109375
"HI",2013,"Summer",24.7883076923077
"HI",2013,"Winter",21.8760344827586
"HI",2014,"Fall",24.9021806853583
"HI",2014,"Spring",22.4888544891641
"HI",2014,"Summer",24.6405688622754
"HI",2014,"Winter",21.853717472119
"HI",2015,"Fall",25.4207667731629
"HI",2015,"Spring",22.6788343558282
"HI",2015,"Summer",25.6561933534743
"HI",2015,"Winter",22.5817028985507
"HI",2016,"Fall",24.4570996978852
"HI",2016,"Spring",23.1315151515152
"HI",2016,"Summer",25.0423913043478
"HI",2016,"Winter",22.1583881578947
"HI",2017,"Fall",24.2835987261147
"HI",2017,"Spring",23.2417445482866
"HI",2017,"Summer",25.85559566787
"HI",2017,"Winter",21.1728187919463
"HI",2018,"Fall",24.7087837837838
"HI",2018,"Spring",22.8684615384615
"HI",2018,"Summer",25.2473520249221
"HI",2018,"Winter",22.1354889589905
"HI",2019,"Fall",26.0317073170732
"HI",2019,"Spring",22.823642172524
"HI",2019,"Summer",26.1885
"HI",2019,"Winter",22.1624548736462
"HI",2020,"Fall",25.6375457875458
"HI",2020,"Spring",23.4973591549296
"HI",2020,"Summer",25.802304964539
"HI",2020,"Winter",23.1444444444444
"HI",2021,"Fall",24.710103626943
"HI",2021,"Spring",23.3247252747253
"HI",2021,"Summer",25.9032608695652
"HI",2021,"Winter",22.4492125984252
"IA",2011,"Fall",10.7149499284692
"IA",2011,"Spring",8.70368852459016
"IA",2011,"Summer",23.3976870748299
"IA",2011,"Winter",-5.25803072625698
"IA",2012,"Fall",10.2837173579109
"IA",2012,"Spring",13.5054755043228
"IA",2012,"Summer",23.8459438377535
"IA",2012,"Winter",-2.15397727272727
"IA",2013,"Fall",10.9134164222874
"IA",2013,"Spring",6.80305131761442
"IA",2013,"Summer",22.1790730337079
"IA",2013,"Winter",-5.87905405405405
"IA",2014,"Fall",8.99571230982019
"IA",2014,"Spring",7.733608815427
"IA",2014,"Summer",21.6853591160221
"IA",2014,"Winter",-7.28945480631277
"IA",2015,"Fall",12.8215672676838
"IA",2015,"Spring",9.97331961591221
"IA",2015,"Summer",21.8292984869326
"IA",2015,"Winter",-4.50165467625899
"IA",2016,"Fall",13.693475177305
"IA",2016,"Spring",10.6416666666667
"IA",2016,"Summer",23.0358041958042
"IA",2016,"Winter",-4.51639004149378
"IA",2017,"Fall",11.3264830508475
"IA",2017,"Spring",9.70497237569061
"IA",2017,"Summer",22.2508219178082
"IA",2017,"Winter",-2.39560906515581
"IA",2018,"Fall",9.03080110497238
"IA",2018,"Spring",8.74293628808864
"IA",2018,"Summer",23.073779637378
"IA",2018,"Winter",-4.95801687763713
"IA",2019,"Fall",9.86488178025035
"IA",2019,"Spring",7.77468965517241
"IA",2019,"Summer",22.2630464480874
"IA",2019,"Winter",-5.95905233380481
"IA",2020,"Fall",10.0895977808599
"IA",2020,"Spring",9.15227272727273
"IA",2020,"Summer",23.315047879617
"IA",2020,"Winter",-3.8297635605007
"IA",2021,"Fall",12.3628144654088
"IA",2021,"Spring",10.2838797814208
"IA",2021,"Summer",23.2424817518248
"IA",2021,"Winter",-4.93751824817518
"ID",2011,"Fall",8.27967637540453
"ID",2011,"Spring",5.13570491803279
"ID",2011,"Summer",17.6987055016181
"ID",2011,"Winter",-3.66772363150868
"ID",2012,"Fall",8.72052631578948
"ID",2012,"Spring",7.4211575562701
"ID",2012,"Summer",18.9324086603518
"ID",2012,"Winter",-1.90583333333333
"ID",2013,"Fall",7.81703074433657
"ID",2013,"Spring",6.6188880126183
"ID",2013,"Summer",19.6677723177723
"ID",2013,"Winter",-4.99455406471981
"ID",2014,"Fall",8.52899673735726
"ID",2014,"Spring",7.14871048252912
"ID",2014,"Summer",18.5870464135021
"ID",2014,"Winter",-1.64831223628692
"ID",2015,"Fall",8.7886974789916
"ID",2015,"Spring",8.50587010824313
"ID",2015,"Summer",19.5866777685262
"ID",2015,"Winter",-1.43258283772303
"ID",2016,"Fall",8.92534301856336
"ID",2016,"Spring",8.67246489859594
"ID",2016,"Summer",18.655643812709
"ID",2016,"Winter",-3.47832919768404
"ID",2017,"Fall",7.61373855120733
"ID",2017,"Spring",7.3818410041841
"ID",2017,"Summer",19.8416115702479
"ID",2017,"Winter",-4.48177128116939
"ID",2018,"Fall",7.12261208576998
"ID",2018,"Spring",7.52299239222316
"ID",2018,"Summer",18.5213035870516
"ID",2018,"Winter",-2.13007915567282
"ID",2019,"Fall",6.21185983827493
"ID",2019,"Spring",6.21269982238011
"ID",2019,"Summer",18.2100343053173
"ID",2019,"Winter",-3.62692307692308
"ID",2020,"Fall",8.42587378640777
"ID",2020,"Spring",7.09942166140904
"ID",2020,"Summer",18.3013397129187
"ID",2020,"Winter",-2.65633937082936
"ID",2021,"Fall",8.93999028182702
"ID",2021,"Spring",6.89812753036437
"ID",2021,"Summer",20.658820754717
"ID",2021,"Winter",-2.10523858921162
"IL",2011,"Fall",11.4186860068259
"IL",2011,"Spring",10.2282688766114
"IL",2011,"Summer",23.9562846580407
"IL",2011,"Winter",-2.28941798941799
"IL",2012,"Fall",10.7133647798742
"IL",2012,"Spring",13.8394695787832
"IL",2012,"Summer",24.0034482758621
"IL",2012,"Winter",-0.212737341772153
"IL",2013,"Fall",11.1138662316476
"IL",2013,"Spring",8.349765625
"IL",2013,"Summer",21.9845786963434
"IL",2013,"Winter",-4.06143317230274
"IL",2014,"Fall",9.85433070866142
"IL",2014,"Spring",8.59415481832544
"IL",2014,"Summer",22.1098130841122
"IL",2014,"Winter",-6.15833333333333
"IL",2015,"Fall",13.4299058084772
"IL",2015,"Spring",10.2173708920188
"IL",2015,"Summer",21.8484375
"IL",2015,"Winter",-3.25208333333333
"IL",2016,"Fall",14.6917452830189
"IL",2016,"Spring",11.0900157232704
"IL",2016,"Summer",23.8305900621118
"IL",2016,"Winter",-2.70370662460568
"IL",2017,"Fall",12.9427272727273
"IL",2017,"Spring",10.7576311605723
"IL",2017,"Summer",22.3122028526149
"IL",2017,"Winter",-0.439523809523809
"IL",2018,"Fall",10.8137254901961
"IL",2018,"Spring",9.30548589341693
"IL",2018,"Summer",23.1709702660407
"IL",2018,"Winter",-2.75716560509554
"IL",2019,"Fall",11.1032051282051
"IL",2019,"Spring",8.8395800933126
"IL",2019,"Summer",22.6587774294671
"IL",2019,"Winter",-3.00272873194221
"IL",2020,"Fall",12.0809259259259
"IL",2020,"Spring",9.82677993527508
"IL",2020,"Summer",23.3327615780446
"IL",2020,"Winter",-1.28864013266998
"IL",2021,"Fall",13.1741407528642
"IL",2021,"Spring",10.9151183970856
"IL",2021,"Summer",23.4474820143885
"IL",2021,"Winter",-2.49385474860335
"IN",2011,"Fall",12.6012396694215
"IN",2011,"Spring",10.7872950819672
"IN",2011,"Summer",23.7956140350877
"IN",2011,"Winter",-1.67144846796657
"IN",2012,"Fall",11.082967032967
"IN",2012,"Spring",14.6732727272727
"IN",2012,"Summer",23.9143115942029
"IN",2012,"Winter",1.12093373493976
"IN",2013,"Fall",11.8380514705882
"IN",2013,"Spring",9.91684782608696
"IN",2013,"Summer",22.0615942028986
"IN",2013,"Winter",-1.70833333333333
"IN",2014,"Fall",10.4249084249084
"IN",2014,"Spring",9.453125
"IN",2014,"Summer",21.7758181818182
"IN",2014,"Winter",-4.34477611940299
"IN",2015,"Fall",13.9527472527473
"IN",2015,"Spring",10.6738181818182
"IN",2015,"Summer",21.8876363636364
"IN",2015,"Winter",-1.9839552238806
"IN",2016,"Fall",14.8839483394834
"IN",2016,"Spring",11.6594890510949
"IN",2016,"Summer",23.5263636363636
"IN",2016,"Winter",-1.34120879120879
"IN",2017,"Fall",13.2619485294118
"IN",2017,"Spring",11.7985401459854
"IN",2017,"Summer",22.0951550387597
"IN",2017,"Winter",1.2087037037037
"IN",2018,"Fall",12.2384191176471
"IN",2018,"Spring",10.3900362318841
"IN",2018,"Summer",23.3023550724638
"IN",2018,"Winter",-0.548333333333333
"IN",2019,"Fall",12.2963235294118
"IN",2019,"Spring",10.1425454545455
"IN",2019,"Summer",22.7492727272727
"IN",2019,"Winter",-0.556133828996282
"IN",2020,"Fall",12.4935897435897
"IN",2020,"Spring",10.1350364963504
"IN",2020,"Summer",23.0238181818182
"IN",2020,"Winter",0.5190036900369
"IN",2021,"Fall",13.1863636363636
"IN",2021,"Spring",11.108
"IN",2021,"Summer",23.1943223443223
"IN",2021,"Winter",-0.590555555555555
"KS",2011,"Fall",13.0715384615385
"KS",2011,"Spring",11.2161231884058
"KS",2011,"Summer",26.2091417910448
"KS",2011,"Winter",-2.33968531468531
"KS",2012,"Fall",13.1217391304348
"KS",2012,"Spring",16.2634228187919
"KS",2012,"Summer",26.1501492537313
"KS",2012,"Winter",1.40964285714286
"KS",2013,"Fall",13.1808411214953
"KS",2013,"Spring",9.47820895522388
"KS",2013,"Summer",24.0368902439024
"KS",2013,"Winter",-1.02578125
"KS",2014,"Fall",11.8818181818182
"KS",2014,"Spring",11.2145569620253
"KS",2014,"Summer",24.0042168674699
"KS",2014,"Winter",-1.96234939759036
"KS",2015,"Fall",15.0287087912088
"KS",2015,"Spring",11.9690934065934
"KS",2015,"Summer",24.0843922651934
"KS",2015,"Winter",-0.169583333333333
"KS",2016,"Fall",15.3624641833811
"KS",2016,"Spring",12.5008152173913
"KS",2016,"Summer",25.1084239130435
"KS",2016,"Winter",-0.0895604395604396
"KS",2017,"Fall",13.6308011049724
"KS",2017,"Spring",11.7119533527697
"KS",2017,"Summer",24.1831920903955
"KS",2017,"Winter",0.964431486880466
"KS",2018,"Fall",11.2993131868132
"KS",2018,"Spring",11.5619891008174
"KS",2018,"Summer",24.7759510869565
"KS",2018,"Winter",-1.48314763231198
"KS",2019,"Fall",12.3112637362637
"KS",2019,"Spring",9.89959239130435
"KS",2019,"Summer",24.0756232686981
"KS",2019,"Winter",-1.46323119777159
"KS",2020,"Fall",12.8907967032967
"KS",2020,"Spring",11.4016620498615
"KS",2020,"Summer",24.9942934782609
"KS",2020,"Winter",0.621153846153846
"KS",2021,"Fall",14.272754491018
"KS",2021,"Spring",11.9986111111111
"KS",2021,"Summer",25.0808605341246
"KS",2021,"Winter",0.0125407166123783
"KY",2011,"Fall",14.289527027027
"KY",2011,"Spring",13.1183441558442
"KY",2011,"Summer",24.8713004484305
"KY",2011,"Winter",1.72402597402597
"KY",2012,"Fall",13.4949826989619
"KY",2012,"Spring",17.1742331288344
"KY",2012,"Summer",24.9917127071823
"KY",2012,"Winter",5.73490099009901
"KY",2013,"Fall",14.6875
"KY",2013,"Spring",12.4272189349112
"KY",2013,"Summer",23.3143895348837
"KY",2013,"Winter",3.33067092651757
"KY",2014,"Fall",14.0358662613982
"KY",2014,"Spring",12.9579192546584
"KY",2014,"Summer",23.5847079037801
"KY",2014,"Winter",0.76796875
"KY",2015,"Fall",17.12
"KY",2015,"Spring",13.7797583081571
"KY",2015,"Summer",23.7611455108359
"KY",2015,"Winter",0.926339285714286
"KY",2016,"Fall",18.5369387755102
"KY",2016,"Spring",15.9673333333333
"KY",2016,"Summer",25.6584782608696
"KY",2016,"Winter",2.9212389380531
"KY",2017,"Fall",15.5518691588785
"KY",2017,"Spring",14.2146179401993
"KY",2017,"Summer",23.8829754601227
"KY",2017,"Winter",5.54809027777778
"KY",2018,"Fall",15.5566390041494
"KY",2018,"Spring",13.9846273291925
"KY",2018,"Summer",24.9433130699088
"KY",2018,"Winter",3.0422268907563
"KY",2019,"Fall",15.7392361111111
"KY",2019,"Spring",13.7899305555556
"KY",2019,"Summer",24.6702702702703
"KY",2019,"Winter",4.52
"KY",2020,"Fall",15.5613138686131
"KY",2020,"Spring",13.7981060606061
"KY",2020,"Summer",25.0936170212766
"KY",2020,"Winter",3.95984251968504
"KY",2021,"Fall",15.0509803921569
"KY",2021,"Spring",12.4774647887324
"KY",2021,"Summer",24.3304347826087
"KY",2021,"Winter",1.82362637362637
"LA",2011,"Fall",20.4194962686567
"LA",2011,"Spring",20.762
"LA",2011,"Summer",29.9825367647059
"LA",2011,"Winter",10.4575471698113
"LA",2012,"Fall",20.2785234899329
"LA",2012,"Spring",21.9269301470588
"LA",2012,"Summer",27.9166666666667
"LA",2012,"Winter",13.5387673956262
"LA",2013,"Fall",20.9938016528926
"LA",2013,"Spring",18.0591885441527
"LA",2013,"Summer",27.9468664850136
"LA",2013,"Winter",11.8103365384615
"LA",2014,"Fall",21.3426646706587
"LA",2014,"Spring",18.7328337874659
"LA",2014,"Summer",27.7742465753425
"LA",2014,"Winter",10.6271708683473
"LA",2015,"Fall",22.3210526315789
"LA",2015,"Spring",21.0658469945355
"LA",2015,"Summer",28.7881793478261
"LA",2015,"Winter",11.9433333333333
"LA",2016,"Fall",23.3968232044199
"LA",2016,"Spring",21.3867847411444
"LA",2016,"Summer",29.0457650273224
"LA",2016,"Winter",12.9397506925208
"LA",2017,"Fall",22.1552631578947
"LA",2017,"Spring",21.2994565217391
"LA",2017,"Summer",27.9927792915531
"LA",2017,"Winter",14.5508547008547
"LA",2018,"Fall",22.0878333333333
"LA",2018,"Spring",21.3016666666667
"LA",2018,"Summer",29.1016438356164
"LA",2018,"Winter",12.4780612244898
"LA",2019,"Fall",21.8323446327684
"LA",2019,"Spring",20.1949035812672
"LA",2019,"Summer",28.766991643454
"LA",2019,"Winter",13.5281626506024
"LA",2020,"Fall",21.919246031746
"LA",2020,"Spring",21.866975308642
"LA",2020,"Summer",28.7060885608856
"LA",2020,"Winter",13.2907718120805
"LA",2021,"Fall",21.4090659340659
"LA",2021,"Spring",20.2573369565217
"LA",2021,"Summer",28.83125
"LA",2021,"Winter",12.7954054054054
"MA",2011,"Fall",13.1110906862745
"MA",2011,"Spring",8.84090909090909
"MA",2011,"Summer",21.1943349753695
"MA",2011,"Winter",-1.05316856780735
"MA",2012,"Fall",11.5637717121588
"MA",2012,"Spring",10.6273276904474
"MA",2012,"Summer",21.4938405797101
"MA",2012,"Winter",1.42450980392157
"MA",2013,"Fall",11.0562347188264
"MA",2013,"Spring",8.3674123337364
"MA",2013,"Summer",21.6410024154589
"MA",2013,"Winter",-1.20390818858561
"MA",2014,"Fall",11.5421410891089
"MA",2014,"Spring",6.90385587863464
"MA",2014,"Summer",20.6858938547486
"MA",2014,"Winter",-1.41718170580964
"MA",2015,"Fall",12.5034482758621
"MA",2015,"Spring",7.74528985507246
"MA",2015,"Summer",20.8173287671233
"MA",2015,"Winter",-2.28381962864722
"MA",2016,"Fall",12.2503453038674
"MA",2016,"Spring",8.84222373806276
"MA",2016,"Summer",21.9602581521739
"MA",2016,"Winter",-0.267239010989012
"MA",2017,"Fall",13.0039202200825
"MA",2017,"Spring",7.70475543478261
"MA",2017,"Summer",20.5710164835165
"MA",2017,"Winter",0.209017595307918
"MA",2018,"Fall",11.1479559748428
"MA",2018,"Spring",8.01546463245492
"MA",2018,"Summer",22.0899375975039
"MA",2018,"Winter",0.00665137614678897
"MA",2019,"Fall",11.0331746031746
"MA",2019,"Spring",7.88711180124224
"MA",2019,"Summer",21.7284937888199
"MA",2019,"Winter",-1.48296178343949
"MA",2020,"Fall",12.4307389937107
"MA",2020,"Spring",8.48763608087092
"MA",2020,"Summer",22.3196734059098
"MA",2020,"Winter",0.832570977917981
"MA",2021,"Fall",12.8271978021978
"MA",2021,"Spring",9.09019204389575
"MA",2021,"Summer",21.9412378303199
"MA",2021,"Winter",0.211768802228411
"MD",2011,"Fall",14.8987403100775
"MD",2011,"Spring",13.1281853281853
"MD",2011,"Summer",24.9594412331407
"MD",2011,"Winter",2.22922465208748
"MD",2012,"Fall",13.5593873517787
"MD",2012,"Spring",14.8039122137405
"MD",2012,"Summer",24.6669201520913
"MD",2012,"Winter",4.58241650294695
"MD",2013,"Fall",13.7386497064579
"MD",2013,"Spring",11.6265564202335
"MD",2013,"Summer",23.9660268714012
"MD",2013,"Winter",2.56175869120654
"MD",2014,"Fall",13.8420696324952
"MD",2014,"Spring",10.8880497131931
"MD",2014,"Summer",23.0126213592233
"MD",2014,"Winter",0.42485265225933
"MD",2015,"Fall",15.1224903474903
"MD",2015,"Spring",12.3944554455446
"MD",2015,"Summer",23.7723908918406
"MD",2015,"Winter",1.37781124497992
"MD",2016,"Fall",15.5933268858801
"MD",2016,"Spring",12.6919201520913
"MD",2016,"Summer",24.8577946768061
"MD",2016,"Winter",1.6839603960396
"MD",2017,"Fall",15.2887323943662
"MD",2017,"Spring",12.6984790874525
"MD",2017,"Summer",23.8873814041746
"MD",2017,"Winter",3.86158536585366
"MD",2018,"Fall",14.449010989011
"MD",2018,"Spring",11.5571739130435
"MD",2018,"Summer",24.3632608695652
"MD",2018,"Winter",2.52644444444444
"MD",2019,"Fall",14.903036437247
"MD",2019,"Spring",12.9506564551422
"MD",2019,"Summer",24.6687626774848
"MD",2019,"Winter",2.09754464285714
"MD",2020,"Fall",14.8148148148148
"MD",2020,"Spring",12.0787449392713
"MD",2020,"Summer",24.7353717026379
"MD",2020,"Winter",3.73414043583535
"MD",2021,"Fall",14.7152472527473
"MD",2021,"Spring",12.1866847826087
"MD",2021,"Summer",24.4569293478261
"MD",2021,"Winter",2.47930555555556
"ME",2011,"Fall",9.75697969543147
"ME",2011,"Spring",4.52877516778523
"ME",2011,"Summer",18.7203269069573
"ME",2011,"Winter",-6.6898029134533
"ME",2012,"Fall",8.35093696763203
"ME",2012,"Spring",6.78083682008368
"ME",2012,"Summer",19.1625314333613
"ME",2012,"Winter",-5.68613518197574
"ME",2013,"Fall",8.12404580152672
"ME",2013,"Spring",5.68319002579536
"ME",2013,"Summer",18.5846683893196
"ME",2013,"Winter",-7.85159671532847
"ME",2014,"Fall",8.16524334251607
"ME",2014,"Spring",2.74629133154602
"ME",2014,"Summer",18.9325136612022
"ME",2014,"Winter",-6.99255129348796
"ME",2015,"Fall",9.11591536338547
"ME",2015,"Spring",4.24790718835305
"ME",2015,"Summer",18.1883773928897
"ME",2015,"Winter",-8.32291280148423
"ME",2016,"Fall",9.3882326007326
"ME",2016,"Spring",4.71906702898551
"ME",2016,"Summer",18.988398544131
"ME",2016,"Winter",-5.89020239190433
"ME",2017,"Fall",9.71204212454212
"ME",2017,"Spring",4.14936536718042
"ME",2017,"Summer",18.1678765880218
"ME",2017,"Winter",-6.82927509293681
"ME",2018,"Fall",6.73386801099908
"ME",2018,"Spring",4.98386219401632
"ME",2018,"Summer",19.5139090909091
"ME",2018,"Winter",-6.8535780669145
"ME",2019,"Fall",7.20275988960442
"ME",2019,"Spring",3.62481851179673
"ME",2019,"Summer",18.7622161671208
"ME",2019,"Winter",-7.54420222634508
"ME",2020,"Fall",8.49300827966881
"ME",2020,"Spring",4.6955626715462
"ME",2020,"Summer",19.7558333333333
"ME",2020,"Winter",-4.83232323232323
"ME",2021,"Fall",9.6396978021978
"ME",2021,"Spring",5.77455813953488
"ME",2021,"Summer",19.5929618768328
"ME",2021,"Winter",-5.46122448979592
"MI",2011,"Fall",9.707719054242
"MI",2011,"Spring",5.01181693989071
"MI",2011,"Summer",19.7677441540578
"MI",2011,"Winter",-5.7614245416079
"MI",2012,"Fall",8.38449502133713
"MI",2012,"Spring",9.01278901734104
"MI",2012,"Summer",20.206779661017
"MI",2012,"Winter",-2.72312588401697
"MI",2013,"Fall",8.49057437407953
"MI",2013,"Spring",4.33697068403909
"MI",2013,"Summer",18.8971830985915
"MI",2013,"Winter",-6.89791021671827
"MI",2014,"Fall",6.94846625766871
"MI",2014,"Spring",3.52296686746988
"MI",2014,"Summer",18.115737704918
"MI",2014,"Winter",-8.5864448051948
"MI",2015,"Fall",10.927917282127
"MI",2015,"Spring",5.03753799392097
"MI",2015,"Summer",18.5502148997135
"MI",2015,"Winter",-6.83681481481481
"MI",2016,"Fall",11.0912587412587
"MI",2016,"Spring",6.07326589595376
"MI",2016,"Summer",19.7481919332406
"MI",2016,"Winter",-4.92740315638451
"MI",2017,"Fall",9.62604748603352
"MI",2017,"Spring",5.55428370786517
"MI",2017,"Summer",18.4527855153203
"MI",2017,"Winter",-4.36576319543509
"MI",2018,"Fall",7.4188904494382
"MI",2018,"Spring",4.31951048951049
"MI",2018,"Summer",19.6578321678322
"MI",2018,"Winter",-5.27334273624824
"MI",2019,"Fall",7.84915014164306
"MI",2019,"Spring",3.99154727793696
"MI",2019,"Summer",18.7486524822695
"MI",2019,"Winter",-6.34010263929619
"MI",2020,"Fall",8.61552447552447
"MI",2020,"Spring",5.24315068493151
"MI",2020,"Summer",19.9795264623955
"MI",2020,"Winter",-3.42472222222222
"MI",2021,"Fall",10.4377192982456
"MI",2021,"Spring",6.85503937007874
"MI",2021,"Summer",20.1828660436137
"MI",2021,"Winter",-4.92316293929713
"MN",2011,"Fall",9.00441964285714
"MN",2011,"Spring",4.73695079086116
"MN",2011,"Summer",20.9005706760316
"MN",2011,"Winter",-9.68831985624439
"MN",2012,"Fall",7.35196413321947
"MN",2012,"Spring",9.99245115452931
"MN",2012,"Summer",21.4269400352734
"MN",2012,"Winter",-6.45470588235294
"MN",2013,"Fall",7.73413729128015
"MN",2013,"Spring",2.76729613733906
"MN",2013,"Summer",20.1132540356839
"MN",2013,"Winter",-11.5132798573975
"MN",2014,"Fall",6.4321141837645
"MN",2014,"Spring",3.6604020979021
"MN",2014,"Summer",19.8493115318417
"MN",2014,"Winter",-12.3480630630631
"MN",2015,"Fall",10.4439088518843
"MN",2015,"Spring",6.68305531167691
"MN",2015,"Summer",19.7561846689895
"MN",2015,"Winter",-8.66514598540146
"MN",2016,"Fall",10.6112244897959
"MN",2016,"Spring",7.66568449682684
"MN",2016,"Summer",20.6473285841496
"MN",2016,"Winter",-8.42662162162162
"MN",2017,"Fall",8.18575949367089
"MN",2017,"Spring",6.56666666666667
"MN",2017,"Summer",19.8287253141831
"MN",2017,"Winter",-7.27844990548204
"MN",2018,"Fall",5.75099809885931
"MN",2018,"Spring",5.17042124542125
"MN",2018,"Summer",20.9390018484288
"MN",2018,"Winter",-9.73489278752437
"MN",2019,"Fall",6.78517495395948
"MN",2019,"Spring",4.03589626933576
"MN",2019,"Summer",19.9047575480329
"MN",2019,"Winter",-11.4907567049808
"MN",2020,"Fall",6.89380242311277
"MN",2020,"Spring",5.80092936802974
"MN",2020,"Summer",21.0838589981447
"MN",2020,"Winter",-7.92987918215613
"MN",2021,"Fall",9.59437022900763
"MN",2021,"Spring",7.405463728191
"MN",2021,"Summer",21.6585892514395
"MN",2021,"Winter",-9.18907284768212
"MO",2011,"Fall",13.7143527204503
"MO",2011,"Spring",12.4307977736549
"MO",2011,"Summer",26.1755140186916
"MO",2011,"Winter",-0.644592030360531
"MO",2012,"Fall",13.3262569832402
"MO",2012,"Spring",16.7679297597043
"MO",2012,"Summer",26.4623853211009
"MO",2012,"Winter",3.03782771535581
"MO",2013,"Fall",13.4390057361377
"MO",2013,"Spring",10.4460405156538
"MO",2013,"Summer",24.0577064220183
"MO",2013,"Winter",-0.214080459770114
"MO",2014,"Fall",12.8564551422319
"MO",2014,"Spring",11.6345794392523
"MO",2014,"Summer",23.7517045454545
"MO",2014,"Winter",-2.14507186858316
"MO",2015,"Fall",15.5226987447699
"MO",2015,"Spring",13.3231092436975
"MO",2015,"Summer",24.2680278884462
"MO",2015,"Winter",0.417268623024831
"MO",2016,"Fall",16.5865877712032
"MO",2016,"Spring",13.8306060606061
"MO",2016,"Summer",25.4812737642586
"MO",2016,"Winter",0.503105590062112
"MO",2017,"Fall",14.6640077821012
"MO",2017,"Spring",13.680265654649
"MO",2017,"Summer",24.0561991869919
"MO",2017,"Winter",2.87976424361493
"MO",2018,"Fall",12.8964566929134
"MO",2018,"Spring",12.4340770791075
"MO",2018,"Summer",25.3866
"MO",2018,"Winter",-0.001622718052738
"MO",2019,"Fall",13.6958248472505
"MO",2019,"Spring",11.9951195219124
"MO",2019,"Summer",24.1801941747573
"MO",2019,"Winter",0.533718487394958
"MO",2020,"Fall",13.7823347107438
"MO",2020,"Spring",12.3878217821782
"MO",2020,"Summer",24.8588118811881
"MO",2020,"Winter",1.29090909090909
"MO",2021,"Fall",15.3535714285714
"MO",2021,"Spring",12.9455911823647
"MO",2021,"Summer",24.9081488933602
"MO",2021,"Winter",0.426576576576577
"MS",2011,"Fall",17.0418652423993
"MS",2011,"Spring",18.0447714949651
"MS",2011,"Summer",28.0191791044776
"MS",2011,"Winter",7.32854234527687
"MS",2012,"Fall",16.8010984182777
"MS",2012,"Spring",19.8240710156895
"MS",2012,"Summer",26.4360483870968
"MS",2012,"Winter",10.0105308219178
"MS",2013,"Fall",17.5408634538153
"MS",2013,"Spring",15.1965045592705
"MS",2013,"Summer",26.0695426195426
"MS",2013,"Winter",8.11864669421487
"MS",2014,"Fall",17.55
"MS",2014,"Spring",16.3461946902655
"MS",2014,"Summer",25.9355612682091
"MS",2014,"Winter",6.47254901960784
"MS",2015,"Fall",19.2448121645796
"MS",2015,"Spring",18.2030157342657
"MS",2015,"Summer",27.1804347826087
"MS",2015,"Winter",7.73099910793934
"MS",2016,"Fall",20.3014720812183
"MS",2016,"Spring",17.9454143646409
"MS",2016,"Summer",27.8379530916844
"MS",2016,"Winter",8.19725759059745
"MS",2017,"Fall",18.3308628318584
"MS",2017,"Spring",18.4490502793296
"MS",2017,"Summer",26.2698464912281
"MS",2017,"Winter",10.7343394077449
"MS",2018,"Fall",18.2783805031447
"MS",2018,"Spring",17.3162424242424
"MS",2018,"Summer",27.2387591240876
"MS",2018,"Winter",8.19298245614035
"MS",2019,"Fall",18.0171191553545
"MS",2019,"Spring",17.3818611987382
"MS",2019,"Summer",26.7618811881188
"MS",2019,"Winter",9.58920454545455
"MS",2020,"Fall",19.1397247706422
"MS",2020,"Spring",18.0296391752577
"MS",2020,"Summer",27.1580614203455
"MS",2020,"Winter",9.23532986111111
"MS",2021,"Fall",18.6668215613383
"MS",2021,"Spring",17.841407678245
"MS",2021,"Summer",26.882752293578
"MS",2021,"Winter",10.2305031446541
"MT",2011,"Fall",6.11651785714286
"MT",2011,"Spring",3.44542032622334
"MT",2011,"Summer",16.5448412698413
"MT",2011,"Winter",-6.12240948813982
"MT",2012,"Fall",6.31498579545454
"MT",2012,"Spring",6.28482620320856
"MT",2012,"Summer",18.0292297111417
"MT",2012,"Winter",-4.25781032078103
"MT",2013,"Fall",6.71293900184843
"MT",2013,"Spring",4.70614035087719
"MT",2013,"Summer",17.6275
"MT",2013,"Winter",-5.30329949238579
"MT",2014,"Fall",5.78572607260726
"MT",2014,"Spring",4.2869685767098
"MT",2014,"Summer",16.1249551166966
"MT",2014,"Winter",-5.90952848722986
"MT",2015,"Fall",7.08058608058608
"MT",2015,"Spring",6.35750825082508
"MT",2015,"Summer",18.0811418685121
"MT",2015,"Winter",-3.80141843971631
"MT",2016,"Fall",7.62044374009509
"MT",2016,"Spring",6.43469184890656
"MT",2016,"Summer",17.5979130434783
"MT",2016,"Winter",-4.72400346620451
"MT",2017,"Fall",5.95477064220183
"MT",2017,"Spring",5.93899480069324
"MT",2017,"Summer",18.5317095588235
"MT",2017,"Winter",-6.53943661971831
"MT",2018,"Fall",4.9962962962963
"MT",2018,"Spring",5.22984496124031
"MT",2018,"Summer",16.9173469387755
"MT",2018,"Winter",-6.84597701149425
"MT",2019,"Fall",3.89842209072978
"MT",2019,"Spring",3.49784836065574
"MT",2019,"Summer",16.6504454342984
"MT",2019,"Winter",-6.46365348399247
"MT",2020,"Fall",5.4681
"MT",2020,"Spring",4.18893442622951
"MT",2020,"Summer",17.4041942604856
"MT",2020,"Winter",-3.88034979423868
"MT",2021,"Fall",7.90178571428571
"MT",2021,"Spring",4.79452479338843
"MT",2021,"Summer",19.3709090909091
"MT",2021,"Winter",-5.95167714884696
"NC",2011,"Fall",15.7589650145773
"NC",2011,"Spring",15.2061366806137
"NC",2011,"Summer",25.5442857142857
"NC",2011,"Winter",5.48941605839416
"NC",2012,"Fall",14.8154458598726
"NC",2012,"Spring",17.0190551181102
"NC",2012,"Summer",24.374606918239
"NC",2012,"Winter",7.48261868300153
"NC",2013,"Fall",15.0790453074434
"NC",2013,"Spring",13.1339936608558
"NC",2013,"Summer",23.7351968503937
"NC",2013,"Winter",6.48463414634146
"NC",2014,"Fall",15.0848949919225
"NC",2014,"Spring",14.3733922829582
"NC",2014,"Summer",23.8305031446541
"NC",2014,"Winter",4.80524590163934
"NC",2015,"Fall",16.3540031397174
"NC",2015,"Spring",15.3770078740157
"NC",2015,"Summer",25.0653846153846
"NC",2015,"Winter",5.95357142857143
"NC",2016,"Fall",17.2021978021978
"NC",2016,"Spring",15.6245297805643
"NC",2016,"Summer",25.5652777777778
"NC",2016,"Winter",5.09121621621622
"NC",2017,"Fall",15.8804827586207
"NC",2017,"Spring",15.5030136986301
"NC",2017,"Summer",24.2555172413793
"NC",2017,"Winter",7.47317927170868
"NC",2018,"Fall",16.3674242424242
"NC",2018,"Spring",14.5644658753709
"NC",2018,"Summer",24.8697674418605
"NC",2018,"Winter",5.95393258426966
"NC",2019,"Fall",16.7082753824757
"NC",2019,"Spring",15.5702316076294
"NC",2019,"Summer",24.5868818681319
"NC",2019,"Winter",7.03581460674157
"NC",2020,"Fall",16.6731034482759
"NC",2020,"Spring",14.6590344827586
"NC",2020,"Summer",24.7158288043478
"NC",2020,"Winter",6.68370165745856
"NC",2021,"Fall",15.8916208791209
"NC",2021,"Spring",14.630910326087
"NC",2021,"Summer",24.2967302452316
"NC",2021,"Winter",6.66356050069541
"ND",2011,"Fall",8.52888067581838
"ND",2011,"Spring",2.11002066115703
"ND",2011,"Summer",20.0034611288605
"ND",2011,"Winter",-10.2399691358025
"ND",2012,"Fall",6.56553973902728
"ND",2012,"Spring",8.60676567656766
"ND",2012,"Summer",20.9880846325167
"ND",2012,"Winter",-7.31127348643006
"ND",2013,"Fall",6.70979643765903
"ND",2013,"Spring",1.48354143019296
"ND",2013,"Summer",19.8368949232586
"ND",2013,"Winter",-11.330442804428
"ND",2014,"Fall",6.03976458546571
"ND",2014,"Spring",4.16836734693877
"ND",2014,"Summer",19.0528422273782
"ND",2014,"Winter",-10.7382803297998
"ND",2015,"Fall",9.28572972972973
"ND",2015,"Spring",6.75181818181818
"ND",2015,"Summer",20.3786173633441
"ND",2015,"Winter",-8.78242827868852
"ND",2016,"Fall",9.41290155440415
"ND",2016,"Spring",7.74224489795918
"ND",2016,"Summer",20.5636642784033
"ND",2016,"Winter",-7.97141255605381
"ND",2017,"Fall",7.56022727272727
"ND",2017,"Spring",5.94516129032258
"ND",2017,"Summer",20.4508640552995
"ND",2017,"Winter",-8.64640088593577
"ND",2018,"Fall",4.92436823104693
"ND",2018,"Spring",4.49788087056128
"ND",2018,"Summer",20.7883522727273
"ND",2018,"Winter",-10.1169249106079
"ND",2019,"Fall",6.14590377113134
"ND",2019,"Spring",3.23045977011494
"ND",2019,"Summer",19.7685185185185
"ND",2019,"Winter",-13.3877791563275
"ND",2020,"Fall",6.42280575539568
"ND",2020,"Spring",4.9724025974026
"ND",2020,"Summer",21.2185358255452
"ND",2020,"Winter",-7.25263565891473
"ND",2021,"Fall",9.38696551724138
"ND",2021,"Spring",6.34394366197183
"ND",2021,"Summer",22.2296610169492
"ND",2021,"Winter",-9.01148969889065
"NE",2011,"Fall",10.2584293193717
"NE",2011,"Spring",7.90306971904266
"NE",2011,"Summer",23.0180268595041
"NE",2011,"Winter",-4.08100220264317
"NE",2012,"Fall",10.3717529039071
"NE",2012,"Spring",12.7250538793103
"NE",2012,"Summer",24.4821618743344
"NE",2012,"Winter",-1.65368536853685
"NE",2013,"Fall",10.4071748878924
"NE",2013,"Spring",7.39139344262295
"NE",2013,"Summer",22.1757543103448
"NE",2013,"Winter",-3.51580962800875
"NE",2014,"Fall",9.81510344827586
"NE",2014,"Spring",8.59911202185793
"NE",2014,"Summer",21.576842837274
"NE",2014,"Winter",-3.57122302158273
"NE",2015,"Fall",11.979010989011
"NE",2015,"Spring",9.78587075575027
"NE",2015,"Summer",21.8256815703381
"NE",2015,"Winter",-2.28888242142026
"NE",2016,"Fall",12.3847634763476
"NE",2016,"Spring",9.76547749725576
"NE",2016,"Summer",22.5541666666667
"NE",2016,"Winter",-2.21
"NE",2017,"Fall",10.8730683090705
"NE",2017,"Spring",9.5284078516903
"NE",2017,"Summer",22.5332571428571
"NE",2017,"Winter",-2.10769230769231
"NE",2018,"Fall",9.73060975609756
"NE",2018,"Spring",8.6948087431694
"NE",2018,"Summer",22.319
"NE",2018,"Winter",-4.22893518518519
"NE",2019,"Fall",9.19154676258993
"NE",2019,"Spring",6.58630214205186
"NE",2019,"Summer",21.7624548736462
"NE",2019,"Winter",-3.807856272838
"NE",2020,"Fall",10.1430949445129
"NE",2020,"Spring",8.68382857142857
"NE",2020,"Summer",23.5207759699625
"NE",2020,"Winter",-1.159375
"NE",2021,"Fall",12.4986386138614
"NE",2021,"Spring",9.17219482120839
"NE",2021,"Summer",23.4744055068836
"NE",2021,"Winter",-2.77312967581047
"NH",2011,"Fall",10.245246179966
"NH",2011,"Spring",6.21865384615385
"NH",2011,"Summer",19.4326565143824
"NH",2011,"Winter",-5.48170254403131
"NH",2012,"Fall",8.78878260869565
"NH",2012,"Spring",8.1865831842576
"NH",2012,"Summer",19.469435483871
"NH",2012,"Winter",-3.38756855575868
"NH",2013,"Fall",8.88640483383686
"NH",2013,"Spring",6.73178137651822
"NH",2013,"Summer",19.6541910331384
"NH",2013,"Winter",-5.68747072599532
"NH",2014,"Fall",9.45984375
"NH",2014,"Spring",4.94941348973607
"NH",2014,"Summer",19.3602240896359
"NH",2014,"Winter",-5.30292307692308
"NH",2015,"Fall",10.6260736196319
"NH",2015,"Spring",6.18180473372781
"NH",2015,"Summer",19.205790960452
"NH",2015,"Winter",-6.10416666666667
"NH",2016,"Fall",9.50675990675991
"NH",2016,"Spring",7.31621621621622
"NH",2016,"Summer",19.9014175257732
"NH",2016,"Winter",-3.66621621621622
"NH",2017,"Fall",10.1231707317073
"NH",2017,"Spring",5.36507760532151
"NH",2017,"Summer",18.3530837004405
"NH",2017,"Winter",-4.58008948545861
"NH",2018,"Fall",7.98645374449339
"NH",2018,"Spring",5.66695842450766
"NH",2018,"Summer",19.6789130434783
"NH",2018,"Winter",-4.95256124721604
"NH",2019,"Fall",7.81743929359824
"NH",2019,"Spring",4.86729074889868
"NH",2019,"Summer",19.2266304347826
"NH",2019,"Winter",-5.90250596658711
"NH",2020,"Fall",8.91924019607843
"NH",2020,"Spring",6.95013586956522
"NH",2020,"Summer",20.5182065217391
"NH",2020,"Winter",-2.75762273901809
"NH",2021,"Fall",10.0467032967033
"NH",2021,"Spring",6.77091503267974
"NH",2021,"Summer",19.8927293064877
"NH",2021,"Winter",-3.89312796208531
"NJ",2011,"Fall",15.5043956043956
"NJ",2011,"Spring",12.5336956521739
"NJ",2011,"Summer",24.9782608695652
"NJ",2011,"Winter",2.72444444444444
"NJ",2012,"Fall",13.267032967033
"NJ",2012,"Spring",13.6733695652174
"NJ",2012,"Summer",23.7141304347826
"NJ",2012,"Winter",4.92032967032967
"NJ",2013,"Fall",12.8972527472527
"NJ",2013,"Spring",10.2445652173913
"NJ",2013,"Summer",23.3690217391304
"NJ",2013,"Winter",2.32833333333333
"NJ",2014,"Fall",13.5582417582418
"NJ",2014,"Spring",9.79891304347826
"NJ",2014,"Summer",22.2076086956522
"NJ",2014,"Winter",0.773888888888889
"NJ",2015,"Fall",15.2593406593407
"NJ",2015,"Spring",11.2961956521739
"NJ",2015,"Summer",23.729347826087
"NJ",2015,"Winter",1.94277777777778
"NJ",2016,"Fall",15.0945054945055
"NJ",2016,"Spring",11.6114130434783
"NJ",2016,"Summer",24.3407608695652
"NJ",2016,"Winter",2.62197802197802
"NJ",2017,"Fall",15.4159340659341
"NJ",2017,"Spring",11.9461956521739
"NJ",2017,"Summer",23.6570652173913
"NJ",2017,"Winter",3.77611111111111
"NJ",2018,"Fall",15.2945054945055
"NJ",2018,"Spring",11.3201086956522
"NJ",2018,"Summer",24.7385869565217
"NJ",2018,"Winter",3.40611111111111
"NJ",2019,"Fall",14.6142857142857
"NJ",2019,"Spring",12.1375
"NJ",2019,"Summer",24.6619565217391
"NJ",2019,"Winter",2.745
"NJ",2020,"Fall",15.1791208791209
"NJ",2020,"Spring",11.8755434782609
"NJ",2020,"Summer",24.9994565217391
"NJ",2020,"Winter",4.46263736263736
"NJ",2021,"Fall",15.0868131868132
"NJ",2021,"Spring",12.0695652173913
"NJ",2021,"Summer",24.279347826087
"NJ",2021,"Winter",3.39833333333333
"NM",2011,"Fall",15.6016949152542
"NM",2011,"Spring",16.7271739130435
"NM",2011,"Summer",28.0057803468208
"NM",2011,"Winter",2.73412322274882
"NM",2012,"Fall",16.4158301158301
"NM",2012,"Spring",17.3833333333333
"NM",2012,"Summer",26.8673553719008
"NM",2012,"Winter",5.99758364312268
"NM",2013,"Fall",15.1034412955466
"NM",2013,"Spring",15.9415730337079
"NM",2013,"Summer",26.4399253731343
"NM",2013,"Winter",4.9325
"NM",2014,"Fall",14.7011049723757
"NM",2014,"Spring",15.2156363636364
"NM",2014,"Summer",26.1986891385768
"NM",2014,"Winter",5.61150943396226
"NM",2015,"Fall",16.9658490566038
"NM",2015,"Spring",14.9030797101449
"NM",2015,"Summer",26.6771739130435
"NM",2015,"Winter",4.84981343283582
"NM",2016,"Fall",17.6089805825243
"NM",2016,"Spring",15.8558394160584
"NM",2016,"Summer",27.0531365313653
"NM",2016,"Winter",5.62432432432432
"NM",2017,"Fall",17.3455947136564
"NM",2017,"Spring",17.2660550458716
"NM",2017,"Summer",26.4856459330144
"NM",2017,"Winter",7.97025641025641
"NM",2018,"Fall",15.154347826087
"NM",2018,"Spring",17.4126666666667
"NM",2018,"Summer",27.2174672489083
"NM",2018,"Winter",4.91767955801105
"NM",2019,"Fall",17.2439814814815
"NM",2019,"Spring",15.8600418410042
"NM",2019,"Summer",27.1704433497537
"NM",2019,"Winter",6.85072115384615
"NM",2020,"Fall",16.1552529182879
"NM",2020,"Spring",17.1970149253731
"NM",2020,"Summer",28.2803501945525
"NM",2020,"Winter",5.65247933884297
"NM",2021,"Fall",17.1357976653697
"NM",2021,"Spring",16.0228846153846
"NM",2021,"Summer",25.8424812030075
"NM",2021,"Winter",6.4902
"NV",2011,"Fall",10.2357338820302
"NV",2011,"Spring",7.72062992125984
"NV",2011,"Summer",21.0533653846154
"NV",2011,"Winter",-0.444744318181817
"NV",2012,"Fall",11.7454918032787
"NV",2012,"Spring",9.51765067650676
"NV",2012,"Summer",21.5070141570142
"NV",2012,"Winter",0.425352112676056
"NV",2013,"Fall",9.93305785123967
"NV",2013,"Spring",9.95718232044199
"NV",2013,"Summer",22.3572443181818
"NV",2013,"Winter",-2.51020134228188
"NV",2014,"Fall",11.8331267217631
"NV",2014,"Spring",9.72764060356653
"NV",2014,"Summer",21.2434693877551
"NV",2014,"Winter",2.96340909090909
"NV",2015,"Fall",11.0623796423659
"NV",2015,"Spring",10.0858799454297
"NV",2015,"Summer",21.8914051841746
"NV",2015,"Winter",2.40306406685237
"NV",2016,"Fall",11.6232267037552
"NV",2016,"Spring",10.0126021798365
"NV",2016,"Summer",21.9194254445964
"NV",2016,"Winter",0.11042817679558
"NV",2017,"Fall",10.7551724137931
"NV",2017,"Spring",9.9052380952381
"NV",2017,"Summer",22.6143246930423
"NV",2017,"Winter",0.738396624472575
"NV",2018,"Fall",10.1949685534591
"NV",2018,"Spring",9.34665629860031
"NV",2018,"Summer",22.4754276827372
"NV",2018,"Winter",1.50691244239631
"NV",2019,"Fall",9.0829420970266
"NV",2019,"Spring",8.74694041867955
"NV",2019,"Summer",21.1733542319749
"NV",2019,"Winter",0.243681747269891
"NV",2020,"Fall",11.1305939226519
"NV",2020,"Spring",9.72385185185185
"NV",2020,"Summer",21.3801089918256
"NV",2020,"Winter",0.517518248175185
"NV",2021,"Fall",11.3356938483548
"NV",2021,"Spring",8.27482614742698
"NV",2021,"Summer",23.1659183673469
"NV",2021,"Winter",0.343396226415094
"NY",2011,"Fall",12.2199175824176
"NY",2011,"Spring",7.91875
"NY",2011,"Summer",20.9743206521739
"NY",2011,"Winter",-2.40944444444444
"NY",2012,"Fall",10.4657509157509
"NY",2012,"Spring",10.1034420289855
"NY",2012,"Summer",20.378893442623
"NY",2012,"Winter",0.0529874213836478
"NY",2013,"Fall",10.0617216117216
"NY",2013,"Spring",7.00398550724638
"NY",2013,"Summer",20.0371212121212
"NY",2013,"Winter",-2.76150627615063
"NY",2014,"Fall",10.1358516483516
"NY",2014,"Spring",6.06648550724638
"NY",2014,"Summer",19.401902173913
"NY",2014,"Winter",-3.63737541528239
"NY",2015,"Fall",11.8358516483516
"NY",2015,"Spring",6.44211956521739
"NY",2015,"Summer",19.5063858695652
"NY",2015,"Winter",-4.22027777777778
"NY",2016,"Fall",11.4302197802198
"NY",2016,"Spring",7.42119565217391
"NY",2016,"Summer",20.6771739130435
"NY",2016,"Winter",-2.62657657657658
"NY",2017,"Fall",11.2980501392758
"NY",2017,"Spring",6.53333333333333
"NY",2017,"Summer",19.0840163934426
"NY",2017,"Winter",-1.74319444444445
"NY",2018,"Fall",10.0637119113573
"NY",2018,"Spring",5.93667582417582
"NY",2018,"Summer",20.1219512195122
"NY",2018,"Winter",-2.6541782729805
"NY",2019,"Fall",9.98011049723757
"NY",2019,"Spring",6.103591160221
"NY",2019,"Summer",19.6100274725275
"NY",2019,"Winter",-3.36348314606742
"NY",2020,"Fall",11.084487534626
"NY",2020,"Spring",6.82841530054645
"NY",2020,"Summer",20.8542234332425
"NY",2020,"Winter",-0.997905027932961
"NY",2021,"Fall",12.2178797468354
"NY",2021,"Spring",7.56270491803279
"NY",2021,"Summer",20.584478021978
"NY",2021,"Winter",-1.96344537815126
"OH",2011,"Fall",12.7105263157895
"OH",2011,"Spring",10.4238571428571
"OH",2011,"Summer",22.8049435028249
"OH",2011,"Winter",-1.62615131578947
"OH",2012,"Fall",11.1711155378486
"OH",2012,"Spring",13.2910646387833
"OH",2012,"Summer",22.5444230769231
"OH",2012,"Winter",1.24471698113208
"OH",2013,"Fall",10.8468253968254
"OH",2013,"Spring",9.65401606425703
"OH",2013,"Summer",21.3202643171806
"OH",2013,"Winter",-0.9148
"OH",2014,"Fall",10.42969348659
"OH",2014,"Spring",9.30933852140078
"OH",2014,"Summer",21.1453874538745
"OH",2014,"Winter",-3.34173076923077
"OH",2015,"Fall",13.5883458646617
"OH",2015,"Spring",10.2201886792453
"OH",2015,"Summer",21.357037037037
"OH",2015,"Winter",-2.11964285714286
"OH",2016,"Fall",13.7395038167939
"OH",2016,"Spring",11.0383458646617
"OH",2016,"Summer",23.0808550185874
"OH",2016,"Winter",-1.16086956521739
"OH",2017,"Fall",12.4524714828897
"OH",2017,"Spring",11.0545098039216
"OH",2017,"Summer",21.3074
"OH",2017,"Winter",1.25931558935361
"OH",2018,"Fall",11.7136538461538
"OH",2018,"Spring",9.61660377358491
"OH",2018,"Summer",22.3585365853659
"OH",2018,"Winter",-0.252631578947368
"OH",2019,"Fall",12.149427480916
"OH",2019,"Spring",9.98958333333333
"OH",2019,"Summer",21.9426530612245
"OH",2019,"Winter",-0.0741245136186773
"OH",2020,"Fall",12.0780172413793
"OH",2020,"Spring",9.7925572519084
"OH",2020,"Summer",22.3301587301587
"OH",2020,"Winter",0.462256809338521
"OH",2021,"Fall",13.0624365482234
"OH",2021,"Spring",10.1615720524017
"OH",2021,"Summer",22.5856097560976
"OH",2021,"Winter",-0.554147465437788
"OK",2011,"Fall",16.0414510166359
"OK",2011,"Spring",15.9299345182413
"OK",2011,"Summer",30.5315118397086
"OK",2011,"Winter",3.26400759734093
"OK",2012,"Fall",16.5074160447761
"OK",2012,"Spring",18.3476277372263
"OK",2012,"Summer",27.9074528301887
"OK",2012,"Winter",5.74200934579439
"OK",2013,"Fall",15.6493854748603
"OK",2013,"Spring",13.3707618025751
"OK",2013,"Summer",26.3134402654867
"OK",2013,"Winter",3.21751700680272
"OK",2014,"Fall",15.9808302808303
"OK",2014,"Spring",14.525843373494
"OK",2014,"Summer",26.0216444981862
"OK",2014,"Winter",3.2466875
"OK",2015,"Fall",17.2821167883212
"OK",2015,"Spring",15.0112454655381
"OK",2015,"Summer",26.3932889963724
"OK",2015,"Winter",4.53991596638655
"OK",2016,"Fall",18.601043956044
"OK",2016,"Spring",15.5907549234136
"OK",2016,"Summer",27.1811002178649
"OK",2016,"Winter",4.95224719101124
"OK",2017,"Fall",16.9603638368247
"OK",2017,"Spring",16.0836120401338
"OK",2017,"Summer",26.0327322404372
"OK",2017,"Winter",6.16140939597315
"OK",2018,"Fall",15.1377348066298
"OK",2018,"Spring",15.7195414847162
"OK",2018,"Summer",27.0097494553377
"OK",2018,"Winter",3.91897321428571
"OK",2019,"Fall",15.9526490066225
"OK",2019,"Spring",14.2696837513631
"OK",2019,"Summer",26.2477348066298
"OK",2019,"Winter",4.52452407614782
"OK",2020,"Fall",15.7394156560088
"OK",2020,"Spring",15.441592920354
"OK",2020,"Summer",26.6057797164667
"OK",2020,"Winter",5.28711283185841
"OK",2021,"Fall",17.733782129743
"OK",2021,"Spring",14.673927765237
"OK",2021,"Summer",26.3639661426844
"OK",2021,"Winter",4.39470046082949
"OR",2011,"Fall",10.7890982503365
"OR",2011,"Spring",6.90813492063492
"OR",2011,"Summer",17.3053571428571
"OR",2011,"Winter",1.17262068965517
"OR",2012,"Fall",10.8475961538462
"OR",2012,"Spring",8.36376988984088
"OR",2012,"Summer",18.0061500615006
"OR",2012,"Winter",1.90076824583867
"OR",2013,"Fall",10.0573743922204
"OR",2013,"Spring",8.62855172413793
"OR",2013,"Summer",18.9017725258493
"OR",2013,"Winter",0.947349042709872
"OR",2014,"Fall",11.7367346938776
"OR",2014,"Spring",9.45279878971256
"OR",2014,"Summer",19.9231527093596
"OR",2014,"Winter",2.88149779735683
"OR",2015,"Fall",10.9835725677831
"OR",2015,"Spring",10.5439123376623
"OR",2015,"Summer",20.8783980582524
"OR",2015,"Winter",4.02578397212543
"OR",2016,"Fall",11.1389324960754
"OR",2016,"Spring",10.7195618153365
"OR",2016,"Summer",19.0228971962617
"OR",2016,"Winter",1.99905511811024
"OR",2017,"Fall",10.9125
"OR",2017,"Spring",9.47874354561102
"OR",2017,"Summer",20.4399456521739
"OR",2017,"Winter",-0.174381625441697
"OR",2018,"Fall",10.6955963302752
"OR",2018,"Spring",10.1194545454545
"OR",2018,"Summer",19.8499085923218
"OR",2018,"Winter",3.73027888446215
"OR",2019,"Fall",9.76057513914657
"OR",2019,"Spring",9.29862385321101
"OR",2019,"Summer",19.4123616236162
"OR",2019,"Winter",1.9292220113852
"OR",2020,"Fall",11.2256944444444
"OR",2020,"Spring",9.8157063197026
"OR",2020,"Summer",19.6126151012891
"OR",2020,"Winter",4.07911764705882
"OR",2021,"Fall",11.548802946593
"OR",2021,"Spring",9.69677121771218
"OR",2021,"Summer",21.3290976058932
"OR",2021,"Winter",3.35021097046413
"PA",2011,"Fall",11.2759157509158
"PA",2011,"Spring",7.81877224199288
"PA",2011,"Summer",20.5470108695652
"PA",2011,"Winter",-2.80058626465662
"PA",2012,"Fall",9.91016483516484
"PA",2012,"Spring",11.0409961685824
"PA",2012,"Summer",20.5983666061706
"PA",2012,"Winter",-0.0222527472527473
"PA",2013,"Fall",9.88901098901099
"PA",2013,"Spring",7.77871376811594
"PA",2013,"Summer",20.1231884057971
"PA",2013,"Winter",-2.39527777777778
"PA",2014,"Fall",9.87743119266055
"PA",2014,"Spring",6.70090744101633
"PA",2014,"Summer",19.2465579710145
"PA",2014,"Winter",-4.52138888888889
"PA",2015,"Fall",11.9981684981685
"PA",2015,"Spring",7.33867753623189
"PA",2015,"Summer",19.7285326086957
"PA",2015,"Winter",-3.84109461966605
"PA",2016,"Fall",12.056684981685
"PA",2016,"Spring",8.87182971014493
"PA",2016,"Summer",21.1912137681159
"PA",2016,"Winter",-2.21053113553114
"PA",2017,"Fall",11.2264220183486
"PA",2017,"Spring",8.71053113553114
"PA",2017,"Summer",19.8432065217391
"PA",2017,"Winter",-0.7125
"PA",2018,"Fall",10.556043956044
"PA",2018,"Spring",7.31286231884058
"PA",2018,"Summer",20.7134963768116
"PA",2018,"Winter",-1.55703703703704
"PA",2019,"Fall",10.4456043956044
"PA",2019,"Spring",8.26594202898551
"PA",2019,"Summer",20.1557272727273
"PA",2019,"Winter",-2.13685185185185
"PA",2020,"Fall",11.1636446886447
"PA",2020,"Spring",8.09464609800363
"PA",2020,"Summer",21.1615942028986
"PA",2020,"Winter",-0.44514652014652
"PA",2021,"Fall",11.7652014652015
"PA",2021,"Spring",8.78384754990926
"PA",2021,"Summer",21.2021778584392
"PA",2021,"Winter",-0.921203703703704
"RI",2011,"Fall",13.6038674033149
"RI",2011,"Spring",9.28858695652174
"RI",2011,"Summer",21.7520109689214
"RI",2011,"Winter",-0.370964749536178
"RI",2012,"Fall",11.9511049723757
"RI",2012,"Spring",11.3161524500907
"RI",2012,"Summer",21.661
"RI",2012,"Winter",2.06777163904236
"RI",2013,"Fall",11.4945970695971
"RI",2013,"Spring",8.88575317604356
"RI",2013,"Summer",21.8901639344262
"RI",2013,"Winter",-0.258845437616388
"RI",2014,"Fall",12.2671245421245
"RI",2014,"Spring",7.84773550724638
"RI",2014,"Summer",20.8406702898551
"RI",2014,"Winter",-0.816975881261596
"RI",2015,"Fall",13.4076568265683
"RI",2015,"Spring",8.30733695652174
"RI",2015,"Summer",21.3686594202899
"RI",2015,"Winter",-1.02727272727273
"RI",2016,"Fall",13.2246323529412
"RI",2016,"Spring",9.62285974499089
"RI",2016,"Summer",22.3333030852995
"RI",2016,"Winter",0.605719557195572
"RI",2017,"Fall",13.8262385321101
"RI",2017,"Spring",8.69361313868613
"RI",2017,"Summer",20.9661524500907
"RI",2017,"Winter",0.762894248608534
"RI",2018,"Fall",12.0301470588235
"RI",2018,"Spring",8.98559782608696
"RI",2018,"Summer",22.3253636363636
"RI",2018,"Winter",1.06033519553073
"RI",2019,"Fall",12.0036697247706
"RI",2019,"Spring",8.69411231884058
"RI",2019,"Summer",21.9886363636364
"RI",2019,"Winter",-0.0147222222222216
"RI",2020,"Fall",13.1568139963168
"RI",2020,"Spring",9.23529945553539
"RI",2020,"Summer",22.9178765880218
"RI",2020,"Winter",2.04047619047619
"RI",2021,"Fall",13.3923841059603
"RI",2021,"Spring",9.38479052823315
"RI",2021,"Summer",21.7655935613682
"RI",2021,"Winter",0.846168958742632
"SC",2011,"Fall",16.9551607445008
"SC",2011,"Spring",17.0679054054054
"SC",2011,"Summer",27.3821308724832
"SC",2011,"Winter",7.48570190641248
"SC",2012,"Fall",16.4924319727891
"SC",2012,"Spring",18.7957641196013
"SC",2012,"Summer",25.6606158833063
"SC",2012,"Winter",9.0153130287648
"SC",2013,"Fall",16.7324090121317
"SC",2013,"Spring",14.6157453936348
"SC",2013,"Summer",25.2988294314381
"SC",2013,"Winter",8.35451388888889
"SC",2014,"Fall",16.6322368421053
"SC",2014,"Spring",15.7408671586716
"SC",2014,"Summer",25.5121951219512
"SC",2014,"Winter",6.79280510018215
"SC",2015,"Fall",17.4764705882353
"SC",2015,"Spring",17.6241219963031
"SC",2015,"Summer",26.9655660377358
"SC",2015,"Winter",7.49959677419355
"SC",2016,"Fall",18.7607208872458
"SC",2016,"Spring",17.269537037037
"SC",2016,"Summer",27.4304029304029
"SC",2016,"Winter",7.03166666666667
"SC",2017,"Fall",17.5561452513966
"SC",2017,"Spring",17.241697080292
"SC",2017,"Summer",25.7229445506692
"SC",2017,"Winter",9.5665725047081
"SC",2018,"Fall",18.0261133603239
"SC",2018,"Spring",15.783119266055
"SC",2018,"Summer",26.251026119403
"SC",2018,"Winter",7.93365758754864
"SC",2019,"Fall",18.4021296296296
"SC",2019,"Spring",17.3045955882353
"SC",2019,"Summer",26.0319521178637
"SC",2019,"Winter",8.77736943907157
"SC",2020,"Fall",18.4799056603774
"SC",2020,"Spring",16.5675925925926
"SC",2020,"Summer",25.9780847145488
"SC",2020,"Winter",8.3207182320442
"SC",2021,"Fall",17.2142045454545
"SC",2021,"Spring",16.3371057513915
"SC",2021,"Summer",25.673717948718
"SC",2021,"Winter",8.5406191369606
"SD",2011,"Fall",9.66318681318681
"SD",2011,"Spring",5.76684782608696
"SD",2011,"Summer",21.9994918699187
"SD",2011,"Winter",-6.85694444444444
"SD",2012,"Fall",8.9089156626506
"SD",2012,"Spring",11.6533514492754
"SD",2012,"Summer",23.1652901785714
"SD",2012,"Winter",-4.06757009345794
"SD",2013,"Fall",8.47045889101338
"SD",2013,"Spring",4.67794392523364
"SD",2013,"Summer",20.8927777777778
"SD",2013,"Winter",-6.987721021611
"SD",2014,"Fall",7.98986866791745
"SD",2014,"Spring",6.2543795620438
"SD",2014,"Summer",19.6945471349353
"SD",2014,"Winter",-7.31722772277228
"SD",2015,"Fall",10.7914835164835
"SD",2015,"Spring",8.14972014925373
"SD",2015,"Summer",20.5964285714286
"SD",2015,"Winter",-5.50168539325843
"SD",2016,"Fall",11.3530275229358
"SD",2016,"Spring",8.83390151515152
"SD",2016,"Summer",22.1439201451906
"SD",2016,"Winter",-5.38937728937729
"SD",2017,"Fall",9.45195530726257
"SD",2017,"Spring",7.78829981718464
"SD",2017,"Summer",21.2664825046041
"SD",2017,"Winter",-4.72943396226415
"SD",2018,"Fall",7.84267399267399
"SD",2018,"Spring",6.6580615942029
"SD",2018,"Summer",21.6745916515426
"SD",2018,"Winter",-6.84783018867925
"SD",2019,"Fall",7.30076335877863
"SD",2019,"Spring",5.23638838475499
"SD",2019,"Summer",21.0543715846995
"SD",2019,"Winter",-8.18682242990654
"SD",2020,"Fall",8.41442731277533
"SD",2020,"Spring",7.13402173913044
"SD",2020,"Summer",22.2584967320261
"SD",2020,"Winter",-4.12103524229075
"SD",2021,"Fall",10.7850828729282
"SD",2021,"Spring",7.9349710982659
"SD",2021,"Summer",22.7346014492754
"SD",2021,"Winter",-5.8009765625
"TN",2011,"Fall",15.0744186046512
"TN",2011,"Spring",15.1938333333333
"TN",2011,"Summer",26.3553459119497
"TN",2011,"Winter",4.51406752411576
"TN",2012,"Fall",14.47288
"TN",2012,"Spring",17.8233176838811
"TN",2012,"Summer",25.4640845070423
"TN",2012,"Winter",6.77991525423729
"TN",2013,"Fall",15.7095482546201
"TN",2013,"Spring",12.9782915360502
"TN",2013,"Summer",24.3972614840989
"TN",2013,"Winter",5.0219964664311
"TN",2014,"Fall",15.01547314578
"TN",2014,"Spring",13.7424278846154
"TN",2014,"Summer",24.6907178217822
"TN",2014,"Winter",2.65098522167488
"TN",2015,"Fall",16.6363829787234
"TN",2015,"Spring",14.8344871794872
"TN",2015,"Summer",25.0948051948052
"TN",2015,"Winter",4.4877802690583
"TN",2016,"Fall",17.7486143187067
"TN",2016,"Spring",15.4721006564551
"TN",2016,"Summer",26.6039697542533
"TN",2016,"Winter",4.10688888888889
"TN",2017,"Fall",15.8337316176471
"TN",2017,"Spring",15.590625
"TN",2017,"Summer",24.4622129436326
"TN",2017,"Winter",6.56241900647948
"TN",2018,"Fall",16.1180890538033
"TN",2018,"Spring",14.5264598540146
"TN",2018,"Summer",25.5700364298725
"TN",2018,"Winter",5.33574144486692
"TN",2019,"Fall",16.4459692898273
"TN",2019,"Spring",15.2378478664193
"TN",2019,"Summer",24.9751872659176
"TN",2019,"Winter",6.62937262357414
"TN",2020,"Fall",16.0025096525097
"TN",2020,"Spring",14.4999011857708
"TN",2020,"Summer",25.1332046332046
"TN",2020,"Winter",5.50775047258979
"TN",2021,"Fall",15.471921641791
"TN",2021,"Spring",14.4200917431193
"TN",2021,"Summer",24.9462727272727
"TN",2021,"Winter",6.08962962962963
"TX",2011,"Fall",19.1416483516483
"TX",2011,"Spring",19.0946271929825
"TX",2011,"Summer",29.7052401746725
"TX",2011,"Winter",7.31892201834862
"TX",2012,"Fall",19.1144943820225
"TX",2012,"Spring",20.2702614379085
"TX",2012,"Summer",28.096875
"TX",2012,"Winter",10.019955654102
"TX",2013,"Fall",18.599010989011
"TX",2013,"Spring",16.9609375
"TX",2013,"Summer",27.6130718954248
"TX",2013,"Winter",8.14017857142857
"TX",2014,"Fall",18.3613186813187
"TX",2014,"Spring",16.9480434782609
"TX",2014,"Summer",27.1730434782609
"TX",2014,"Winter",8.14733333333333
"TX",2015,"Fall",20.0636568848758
"TX",2015,"Spring",17.6354030501089
"TX",2015,"Summer",27.6476580796253
"TX",2015,"Winter",7.9568445475638
"TX",2016,"Fall",21.0051762114537
"TX",2016,"Spring",18.5907488986784
"TX",2016,"Summer",27.8061956521739
"TX",2016,"Winter",9.61636363636364
"TX",2017,"Fall",20.713698630137
"TX",2017,"Spring",18.8815366972477
"TX",2017,"Summer",27.6359793814433
"TX",2017,"Winter",11.3908071748879
"TX",2018,"Fall",18.2002793296089
"TX",2018,"Spring",19.3060606060606
"TX",2018,"Summer",28.812613430127
"TX",2018,"Winter",8.6843984962406
"TX",2019,"Fall",19.0808411214953
"TX",2019,"Spring",17.6879090909091
"TX",2019,"Summer",27.9783636363636
"TX",2019,"Winter",9.52341417910448
"TX",2020,"Fall",19.1549610894942
"TX",2020,"Spring",19.2527322404372
"TX",2020,"Summer",28.222131147541
"TX",2020,"Winter",9.61456043956044
"TX",2021,"Fall",19.9719769673704
"TX",2021,"Spring",17.6828037383178
"TX",2021,"Summer",27.1563636363636
"TX",2021,"Winter",9.82659176029963
"UT",2011,"Fall",9.38159574468085
"UT",2011,"Spring",6.28031283710895
"UT",2011,"Summer",19.9856526429342
"UT",2011,"Winter",-4.23449735449736
"UT",2012,"Fall",10.3144793926247
"UT",2012,"Spring",9.59233615221987
"UT",2012,"Summer",21.3894790602656
"UT",2012,"Winter",-1.63743199129489
"UT",2013,"Fall",8.24212598425197
"UT",2013,"Spring",7.32040229885058
"UT",2013,"Summer",20.5793668122271
"UT",2013,"Winter",-6.47005263157895
"UT",2014,"Fall",9.73070077864294
"UT",2014,"Spring",7.67475516866159
"UT",2014,"Summer",19.318097826087
"UT",2014,"Winter",-1.22807215332582
"UT",2015,"Fall",9.67441988950276
"UT",2015,"Spring",8.07525139664805
"UT",2015,"Summer",19.8582154515778
"UT",2015,"Winter",-0.920917225950783
"UT",2016,"Fall",10.034961154273
"UT",2016,"Spring",7.86693989071038
"UT",2016,"Summer",20.4572519083969
"UT",2016,"Winter",-3.29685746352413
"UT",2017,"Fall",9.07422737306843
"UT",2017,"Spring",8.34572222222222
"UT",2017,"Summer",20.3839164785553
"UT",2017,"Winter",-1.58553386911596
"UT",2018,"Fall",8.49663355408389
"UT",2018,"Spring",8.17035010940919
"UT",2018,"Summer",20.9503812636166
"UT",2018,"Winter",-1.78895152198422
"UT",2019,"Fall",7.72742290748899
"UT",2019,"Spring",6.54445652173913
"UT",2019,"Summer",19.5237731733915
"UT",2019,"Winter",-3.65716704288939
"UT",2020,"Fall",9.34806843267108
"UT",2020,"Spring",8.25396475770925
"UT",2020,"Summer",20.3613114754098
"UT",2020,"Winter",-3.14779492833517
"UT",2021,"Fall",9.63564245810056
"UT",2021,"Spring",7.19958871915394
"UT",2021,"Summer",20.9659192825112
"UT",2021,"Winter",-2.38858632676709
"VA",2011,"Fall",14.5542406311637
"VA",2011,"Spring",13.6925
"VA",2011,"Summer",24.2375486381323
"VA",2011,"Winter",3.78456913827655
"VA",2012,"Fall",12.6270975056689
"VA",2012,"Spring",15.0988469601677
"VA",2012,"Summer",23.4064479638009
"VA",2012,"Winter",5.20040733197556
"VA",2013,"Fall",13.6009960159363
"VA",2013,"Spring",11.3304174950298
"VA",2013,"Summer",23.0740594059406
"VA",2013,"Winter",3.63466933867736
"VA",2014,"Fall",13.6065764023211
"VA",2014,"Spring",12.45576171875
"VA",2014,"Summer",22.5812380952381
"VA",2014,"Winter",2.04579158316633
"VA",2015,"Fall",15.664880952381
"VA",2015,"Spring",13.4938369781312
"VA",2015,"Summer",24.0307992202729
"VA",2015,"Winter",3.52796780684105
"VA",2016,"Fall",15.9934653465347
"VA",2016,"Spring",13.5666666666667
"VA",2016,"Summer",24.176185770751
"VA",2016,"Winter",2.93057768924303
"VA",2017,"Fall",14.8314141414141
"VA",2017,"Spring",14.1730844793713
"VA",2017,"Summer",23.3611332007952
"VA",2017,"Winter",5.23805668016194
"VA",2018,"Fall",15.8465962441315
"VA",2018,"Spring",12.4676015473888
"VA",2018,"Summer",23.9772058823529
"VA",2018,"Winter",3.82061965811966
"VA",2019,"Fall",14.7655421686747
"VA",2019,"Spring",13.5003614457831
"VA",2019,"Summer",23.2279620853081
"VA",2019,"Winter",4.48768115942029
"VA",2020,"Fall",14.72575
"VA",2020,"Spring",12.5593975903614
"VA",2020,"Summer",23.5048426150121
"VA",2020,"Winter",4.33378048780488
"VA",2021,"Fall",14.4786445012788
"VA",2021,"Spring",12.5745145631068
"VA",2021,"Summer",23.3610565110565
"VA",2021,"Winter",4.12400497512438
"VT",2011,"Fall",9.97220956719818
"VT",2011,"Spring",5.97614379084967
"VT",2011,"Summer",18.8860927152318
"VT",2011,"Winter",-6.407962529274
"VT",2012,"Fall",8.22822580645161
"VT",2012,"Spring",8.3797052154195
"VT",2012,"Summer",19.0079365079365
"VT",2012,"Winter",-3.79389400921659
"VT",2013,"Fall",7.66620879120879
"VT",2013,"Spring",5.54920273348519
"VT",2013,"Summer",18.9221804511278
"VT",2013,"Winter",-6.3809462915601
"VT",2014,"Fall",8.23250688705234
"VT",2014,"Spring",3.02725988700565
"VT",2014,"Summer",18.150408719346
"VT",2014,"Winter",-7.22855113636364
"VT",2015,"Fall",9.41750700280112
"VT",2015,"Spring",4.38392370572207
"VT",2015,"Summer",18.1125
"VT",2015,"Winter",-8.25988857938719
"VT",2016,"Fall",9.09194444444444
"VT",2016,"Spring",5.5383152173913
"VT",2016,"Summer",19.0242937853107
"VT",2016,"Winter",-5.5021978021978
"VT",2017,"Fall",10.1465073529412
"VT",2017,"Spring",5.36195652173913
"VT",2017,"Summer",18.3530797101449
"VT",2017,"Winter",-5.01965944272446
"VT",2018,"Fall",8.30714285714286
"VT",2018,"Spring",5.39581818181818
"VT",2018,"Summer",19.994384057971
"VT",2018,"Winter",-5.17166666666667
"VT",2019,"Fall",7.68173431734317
"VT",2019,"Spring",4.86648550724638
"VT",2019,"Summer",19.1246376811594
"VT",2019,"Winter",-6.54734848484848
"VT",2020,"Fall",9.06074074074074
"VT",2020,"Spring",5.96521739130435
"VT",2020,"Summer",19.9730909090909
"VT",2020,"Winter",-3.68095238095238
"VT",2021,"Fall",9.56941391941392
"VT",2021,"Spring",6.32054545454545
"VT",2021,"Summer",19.8291666666667
"VT",2021,"Winter",-4.955
"WA",2011,"Fall",8.51822344322344
"WA",2011,"Spring",5.34358974358974
"WA",2011,"Summer",15.2248188405797
"WA",2011,"Winter",-0.107592592592592
"WA",2012,"Fall",9.24403225806452
"WA",2012,"Spring",4.21304347826088
"WA",2012,"Summer",10.7325955734406
"WA",2012,"Winter",0.185503472222224
"WA",2013,"Fall",8.61232339089482
"WA",2013,"Spring",7.34082426127527
"WA",2013,"Summer",17.511484375
"WA",2013,"Winter",-0.25936507936508
"WA",2014,"Fall",10.5855357142857
"WA",2014,"Spring",7.8194099378882
"WA",2014,"Summer",17.9891304347826
"WA",2014,"Winter",0.798831385642739
"WA",2015,"Fall",9.93091743119266
"WA",2015,"Spring",10.0391304347826
"WA",2015,"Summer",20.12605893186
"WA",2015,"Winter",3.10576208178439
"WA",2016,"Fall",10.1400183150183
"WA",2016,"Spring",10.0996330275229
"WA",2016,"Summer",17.7834622823985
"WA",2016,"Winter",1.35366972477064
"WA",2017,"Fall",9.3569573283859
"WA",2017,"Spring",8.11853211009174
"WA",2017,"Summer",19.0309615384615
"WA",2017,"Winter",-0.791869158878504
"WA",2018,"Fall",9.35497237569061
"WA",2018,"Spring",8.99880733944954
"WA",2018,"Summer",18.295810564663
"WA",2018,"Winter",1.88073122529644
"WA",2019,"Fall",8.20091575091575
"WA",2019,"Spring",8.34048913043478
"WA",2019,"Summer",17.8278079710145
"WA",2019,"Winter",0.564378478664193
"WA",2020,"Fall",10.7914563106796
"WA",2020,"Spring",8.20108695652174
"WA",2020,"Summer",17.7450819672131
"WA",2020,"Winter",2.42714007782101
"WA",2021,"Fall",9.94811946902655
"WA",2021,"Spring",8.57771739130435
"WA",2021,"Summer",19.5262276785714
"WA",2021,"Winter",1.03568232662192
"WI",2011,"Fall",9.42069597069597
"WI",2011,"Spring",5.14798903107861
"WI",2011,"Summer",20.6212204007286
"WI",2011,"Winter",-6.5812037037037
"WI",2012,"Fall",8.36252302025783
"WI",2012,"Spring",9.96843065693431
"WI",2012,"Summer",21.5233636363636
"WI",2012,"Winter",-3.54779005524862
"WI",2013,"Fall",8.40994475138122
"WI",2013,"Spring",4.18525641025641
"WI",2013,"Summer",19.583152173913
"WI",2013,"Winter",-8.36228733459357
"WI",2014,"Fall",6.89493392070484
"WI",2014,"Spring",3.90474452554744
"WI",2014,"Summer",19.0322645290581
"WI",2014,"Winter",-10.2452848722986
"WI",2015,"Fall",10.9728571428571
"WI",2015,"Spring",6.45217391304348
"WI",2015,"Summer",18.9703260869565
"WI",2015,"Winter",-6.71433333333333
"WI",2016,"Fall",11.2160792951542
"WI",2016,"Spring",7.30184782608696
"WI",2016,"Summer",20.4963043478261
"WI",2016,"Winter",-6.00761589403974
"WI",2017,"Fall",9.49041850220264
"WI",2017,"Spring",6.20739130434783
"WI",2017,"Summer",19.2661220043573
"WI",2017,"Winter",-5.29477777777778
"WI",2018,"Fall",7.21507760532151
"WI",2018,"Spring",5.40163043478261
"WI",2018,"Summer",20.3454248366013
"WI",2018,"Winter",-6.22573363431151
"WI",2019,"Fall",7.56675824175824
"WI",2019,"Spring",4.25516304347826
"WI",2019,"Summer",19.163722826087
"WI",2019,"Winter",-7.72770448548813
"WI",2020,"Fall",8.50469798657718
"WI",2020,"Spring",5.9432967032967
"WI",2020,"Summer",20.8014380530973
"WI",2020,"Winter",-4.64878318584071
"WI",2021,"Fall",10.5876373626374
"WI",2021,"Spring",7.66091703056768
"WI",2021,"Summer",21.3163288288288
"WI",2021,"Winter",-6.59939024390244
"WV",2011,"Fall",13.026523297491
"WV",2011,"Spring",11.8804659498208
"WV",2011,"Summer",22.8635791366906
"WV",2011,"Winter",0.812546468401486
"WV",2012,"Fall",11.8982720178372
"WV",2012,"Spring",13.9358846918489
"WV",2012,"Summer",22.6077515400411
"WV",2012,"Winter",2.73397177419355
"WV",2013,"Fall",12.0203494926719
"WV",2013,"Spring",10.5080357142857
"WV",2013,"Summer",22.1027173913043
"WV",2013,"Winter",1.21939010356732
"WV",2014,"Fall",12.028596287703
"WV",2014,"Spring",10.3894422310757
"WV",2014,"Summer",21.875464037123
"WV",2014,"Winter",-0.738614457831326
"WV",2015,"Fall",13.8609540636042
"WV",2015,"Spring",11.796831797235
"WV",2015,"Summer",22.3838333333333
"WV",2015,"Winter",0.680062893081761
"WV",2016,"Fall",14.6411149825784
"WV",2016,"Spring",12.2276571428571
"WV",2016,"Summer",23.4626011560694
"WV",2016,"Winter",0.442234169653525
"WV",2017,"Fall",13.59089306698
"WV",2017,"Spring",12.2770285714286
"WV",2017,"Summer",21.7838838268793
"WV",2017,"Winter",3.05305023923445
"WV",2018,"Fall",13.3805447470817
"WV",2018,"Spring",11.255209656925
"WV",2018,"Summer",23.0352047556143
"WV",2018,"Winter",1.6396529562982
"WV",2019,"Fall",13.2456967213115
"WV",2019,"Spring",12.2913265306122
"WV",2019,"Summer",22.6753246753247
"WV",2019,"Winter",2.09267643142477
"WV",2020,"Fall",13.8802672955975
"WV",2020,"Spring",11.5093364197531
"WV",2020,"Summer",23.5386535552194
"WV",2020,"Winter",2.72145038167939
"WV",2021,"Fall",13.9920303605313
"WV",2021,"Spring",11.6334249084249
"WV",2021,"Summer",23.3970695970696
"WV",2021,"Winter",2.22771317829457
"WY",2011,"Fall",6.87141719745223
"WY",2011,"Spring",3.63126984126984
"WY",2011,"Summer",18.0935816164818
"WY",2011,"Winter",-6.89072847682119
"WY",2012,"Fall",7.41270718232044
"WY",2012,"Spring",7.22149046793761
"WY",2012,"Summer",19.6947272727273
"WY",2012,"Winter",-4.55698835274542
"WY",2013,"Fall",5.91685082872928
"WY",2013,"Spring",4.49042357274401
"WY",2013,"Summer",19.2300909090909
"WY",2013,"Winter",-7.0614312267658
"WY",2014,"Fall",6.49356617647059
"WY",2014,"Spring",5.31965579710145
"WY",2014,"Summer",16.9863636363636
"WY",2014,"Winter",-5.27152133580705
"WY",2015,"Fall",7.84091743119266
"WY",2015,"Spring",5.74744058500914
"WY",2015,"Summer",18.1588929219601
"WY",2015,"Winter",-4.33740671641791
"WY",2016,"Fall",7.86831501831502
"WY",2016,"Spring",5.73656307129799
"WY",2016,"Summer",18.5766363636364
"WY",2016,"Winter",-5.5637962962963
"WY",2017,"Fall",6.17981651376147
"WY",2017,"Spring",6.19038112522686
"WY",2017,"Summer",18.3533514492754
"WY",2017,"Winter",-6.34452690166976
"WY",2018,"Fall",5.75120593692022
"WY",2018,"Spring",5.863
"WY",2018,"Summer",18.1276243093923
"WY",2018,"Winter",-6.14833024118738
"WY",2019,"Fall",4.81928044280443
"WY",2019,"Spring",3.41742286751361
"WY",2019,"Summer",17.3691605839416
"WY",2019,"Winter",-7.36856343283582
"WY",2020,"Fall",6.20579439252336
"WY",2020,"Spring",4.93025594149909
"WY",2020,"Summer",18.4447080291971
"WY",2020,"Winter",-5.6742673992674
"WY",2021,"Fall",7.71322701688555
"WY",2021,"Spring",4.72688679245283
"WY",2021,"Summer",19.7237781954887
"WY",2021,"Winter",-5.32514071294559
